번호,지역,행정동,정류소ID,정류소 명칭,안내기유형,세부유형,,,,,,,,
1,오정,도당동,11001,장미공원앞,LED,표지판일체형,,,,,,,,
2,원미,상동,11002,삼산체육관역.영상문화단지정문,LED,쉘터(거치형),,,,,,,,
3,원미,상동,11005,벚꽃마을,LED,쉘터(거치형),,,,,,,,
4,원미,상동,11006,벚꽃마을,LCD,쉘터(독립형),,,,,,,,
5,원미,상동,11008,상동고,LCD,독립형,,,,,,,,
6,원미,상동,11009,병원앞,LED,쉘터(거치형),,,,,,,,
7,원미,상동,11010,상동고,LCD,쉘터(독립형),,,,,,,,
8,원미,상동,11011,병원앞,LCD,쉘터(독립형),,,,,,,,
9,원미,상동,11014,송내고교입구,LED,쉘터(거치형),,,,,,,,
10,원미,상동,11015,송내고교입구,LED,쉘터(거치형),,,,,,,,
11,원미,상동,11016,상동중학교,LCD,쉘터(독립형),,,,,,,,
12,원미,상동,11017,상동중학교,LCD,쉘터(독립형),,,,,,,,
13,원미,상동,11019,부천정보산업고,LCD,쉘터(독립형),,,,,,,,
14,원미,상동,11020,자동차매매단지,LCD,쉘터(독립형),,,,,,,,
15,원미,상동,11021,자동차매매단지,LCD,쉘터(독립형),,,,,,,,
16,원미,상동,11022,부인초교,LCD,쉘터(독립형),,,,,,,,
17,원미,상동,11024,목련마을,LED,쉘터(거치형),,,,,,,,
18,원미,상동,11025,부인초교,LED,쉘터(독립형),,,,,,,,
19,원미,상동,11026,부천정보산업고,LCD,쉘터(독립형),,,,,,,,
20,원미,상동,11027,목련마을,LED,쉘터(독립형),,,,,,,,
21,원미,상동,11029,부천정보산업고.상동우체국,LCD,쉘터(독립형),,,,,,,,
22,원미,상동,11030,영상단지후문,LED,쉘터(거치형),,,,,,,,
23,원미,상동,11031,한아름마을.반달마을,LCD,쉘터(독립형),,,,,,,,
24,원미,상동,11032,아인스월드.영상문화단지후문,LED,쉘터(거치형),,,,,,,,
25,원미,상동,11033,상일초교,LCD,쉘터(독립형),,,,,,,,
26,원미,상동,11035,부인중학교,LED,쉘터(거치형),,,,,,,,
27,원미,상동,11036,한아름마을.반달마을,LCD,쉘터(독립형),,,,,,,,
28,원미,상동,11037,부인중학교,LED,쉘터(거치형),,,,,,,,
29,원미,상동,11038,라일락마을경남아파트,LED,쉘터(거치형),,,,,,,,
30,원미,상동,11039,라일락마을어린이공원,LCD,쉘터(독립형),,,,,,,,
31,원미,상동,11040,라일락마을어린이공원,LED,쉘터(거치형),,,,,,,,
32,원미,상동,11041,상동우체국,LCD,쉘터(독립형),,,,,,,,
33,원미,상동,11042,상동역4번출구.상동지하차도,LCD,쉘터(독립형),,,,,,,,
34,원미,상동,11043,라일락마을경남아파트,LCD,쉘터(독립형),,,,,,,,
35,원미,상동,11044,하얀마을.백송마을.상원고,LCD,쉘터(독립형),,,,,,,,
36,원미,상동,11045,하얀마을.백송마을.상원고,LCD,쉘터(독립형),,,,,,,,
37,원미,상동,11046,상동역5번출구.상동지하차도,LCD,쉘터(독립형),,,,,,,,
38,원미,상동,11047,상1주민지원센터,LED,쉘터(거치형),,,,,,,,
39,원미,상동,11048,행복한마을.푸른마을,LCD,쉘터(독립형),,,,,,,,
40,원미,상동,11049,라일락마을하이타운로즈빌,LED,쉘터(거치형),,,,,,,,
41,원미,상동,11050,복사골문화센터.반달마을,LED,쉘터(독립형),,,,,,,,
42,원미,상동,11051,상동역3번출구.홈플러스상동점,LCD,쉘터(독립형),,,,,,,,
43,원미,상동,11052,라일락마을.석천초교,LCD,쉘터(독립형),,,,,,,,
44,원미,상동,11053,상동역2번출구.홈플러스상동점,LCD,쉘터(독립형),,,,,,,,
45,원미,상동,11054,라일락마을.석천초교,LED,쉘터(거치형),,,,,,,,
46,원미,상동,11055,송내역.반달공영주차장,LED,쉘터(거치형),,,,,,,,
47,원미,상1동,11056,상1주민지원센터,LED,표지판일체형,,,,,,,,
48,원미,상동,11057,상동역7번출구.세이브존,LED,쉘터(거치형),,,,,,,,
49,원미,상동,11058,상동역7번출구.세이브존,LCD,쉘터(독립형),,,,,,,,
50,원미,상동,11059,송내역.투나,LCD,쉘터(독립형),,,,,,,,
51,원미,상동,11061,진달래마을써미트빌,LCD,쉘터(독립형),,,,,,,,
52,원미,상동,11062,라일락마을하이타운로즈빌,LED,쉘터(거치형),,,,,,,,
53,원미,상동,11063,써미트빌.진달래마을,LCD,쉘터(독립형),,,,,,,,
54,원미,상동,11065,상동역1번출구.부천터미널소풍.홈플러스,LED,쉘터(거치형),,,,,,,,
55,원미,상동,11066,복사골문화센터,LCD,쉘터(독립형),,,,,,,,
56,원미,역곡1동,11067,한국아파트,LED,표지판일체형,,,,,,,,
57,원미,역곡1동,11068,역곡역북부(마),LCD,독립형,,,,,,,,
58,원미,상동,11069,상동 행정복지센터,LCD,쉘터(독립형),,,,,,,,
59,원미,상동,11070,진달래대우.라일락신성아파트,LCD,쉘터(독립형),,,,,,,,
60,원미,상동,11072,진달래대우.라일락신성아파트,LCD,쉘터(독립형),,,,,,,,
61,원미,상동,11073,상동 행정복지센터,LED,쉘터(거치형),,,,,,,,
62,원미,상동,11074,송내역.로데오거리,LED,쉘터(거치형),,,,,,,,
63,원미,상동,11075,다정한마을.금강아파트,LCD,쉘터(독립형),,,,,,,,
64,원미,상동,11076,다정한마을.금강주공아파트,LCD,쉘터(독립형),,,,,,,,
65,원미,상동,11078,홈플러스상동점,LCD,쉘터(독립형),,,,,,,,
66,원미,상동,11079,법원.검찰청.복사골문화센터.반달마을,LCD,쉘터(독립형),,,,,,,,
67,원미,상동,11080,복사골문화센터.한아름마을,LED,쉘터(거치형),,,,,,,,
68,원미,상동,11082,진달래공원,LED,쉘터(거치형),,,,,,,,
69,원미,상동,11084,사랑마을벽산.선경.삼익아파트,LCD,쉘터(독립형),,,,,,,,
70,원미,상동,11085,상인초등학교.금강아파트,LCD,쉘터(독립형),,,,,,,,
71,원미,상동,11086,반달마을.법원.검찰청,LCD,쉘터(독립형),,,,,,,,
72,원미,상동,46092,법원.검찰청,LCD,쉘터(독립형),,,,,,,,
73,원미,상동,11088,상동역8번출구.세이브존,LED,쉘터(독립형),,,,,,,,
74,원미,중동,11089,포도마을,LCD,쉘터(독립형),,,,,,,,
75,원미,중동,11090,보람마을.신도초교,LCD,쉘터(독립형),,,,,,,,
76,원미,상동,11091,꿈동산.사랑마을,LCD,쉘터(독립형),,,,,,,,
77,원미,상동,11092,석천중학교.진달래신동아아파트,LED,쉘터(거치형),,,,,,,,
78,원미,상동,11094,쌍용아파트,LED,쉘터(거치형),,,,,,,,
79,원미,상동,11095,부천터미널소풍,LCD,쉘터(독립형),,,,,,,,
80,원미,상동,46906,법원.검찰청,LED,쉘터(거치형),,,,,,,,
81,원미,상동,11098,꿈동산.사랑마을,LED,쉘터(독립형),,,,,,,,
82,원미,상동,11099,다정한마을.레미안아파트,LED,쉘터(거치형),,,,,,,,
83,원미,중동,11100,부천터미널소풍,LCD,쉘터(독립형),,,,,,,,
84,원미,상동,11103,솔안공원,LCD,쉘터(독립형),,,,,,,,
85,원미,상동,11105,다정한마을.레미안아파트,LCD,쉘터(독립형),,,,,,,,
86,원미,중동,11107,포도마을.보람마을,LED,쉘터(거치형),,,,,,,,
87,원미,중동,11108,포도마을.보람마을,LED,쉘터(거치형),,,,,,,,
88,원미,중동,55068,금강마을,LED,쉘터(거치형),,,,,,,,
89,원미,상동,11111,솔안공원,LED,독립형,,,,,,,,
90,원미,상동,11112,상도중학교,LCD,쉘터(독립형),,,,,,,,
91,원미,상동,11113,사랑마을후문,LCD,독립형,,,,,,,,
92,원미,상동,11114,상도중학교,LCD,쉘터(독립형),,,,,,,,
93,원미,상동,11115,송내초교.법원입구,LCD,독립형,,,,,,,,
94,원미,상동,11116,송내초등학교,LCD,독립형,,,,,,,,
95,원미,중동,11117,금강마을상가.한라마을,LCD,독립형,,,,,,,,
96,원미,중동,11118,보람마을,LCD,쉘터(독립형),,,,,,,,
97,원미,중동,11119,상주민지원센터.삼광교회,LCD,독립형,,,,,,,,
98,원미,상동,11121,상주민지원센터.삼광교회,LED,쉘터(거치형),,,,,,,,
99,원미,중동,11123,순천향대학병원.부명고,LCD,쉘터(독립형),,,,,,,,
100,원미,중동,11124,상지초등학교,LED,표지판일체형,,,,,,,,
101,원미,중동,11125,부명고.순천향대학병원,LCD,독립형,,,,,,,,
102,원미,중동,11126,경기국제통상고.포도마을뉴서울.중앙공원,LCD,쉘터(독립형),,,,,,,,
103,원미,중동,11128,영안아파트,LCD,독립형,,,,,,,,
104,원미,상동,11130,상동시장.중동역.부천여고,LCD,독립형,,,,,,,,
105,원미,중동,11131,경기국제통상고.포도마을뉴서울.중앙공원,LED,쉘터(거치형),,,,,,,,
106,원미,상동,11132,중동역.부천여고,LCD,독립형,,,,,,,,
107,원미,중동,11133,영안아파트,LCD,독립형,,,,,,,,
108,원미,중동,11134,부천시청역2번출구.현대백화점.이마트,LED,쉘터(거치형),,,,,,,,
109,원미,중동,11135,금강주공아파트,LED,쉘터(거치형),,,,,,,,
110,원미,중동,11137,신중동 행정복지센터.고용노동지청,LCD,쉘터(독립형),,,,,,,,
111,원미,중동,11138,신중동 행정복지센터.고용노동지청,LCD,쉘터(독립형),,,,,,,,
112,원미,약대동,11139,부천체육관.부천초교사거리,LED,쉘터(거치형),,,,,,,,
113,원미,중동,11140,한라마을.덕유마을,LCD,쉘터(독립형),,,,,,,,
114,원미,중동,11141,한라마을.덕유마을,LED,쉘터(거치형),,,,,,,,
115,원미,중동,11142,부천체육관,LCD+LED,쉘터(거치형),,,,,,,,
116,원미,상동,11143,상동시장,LED,독립형,,,,,,,,
117,원미,중동,11144,상동시장,LED,독립형,,,,,,,,
118,원미,중동,11145,중원초교,LCD+LED,쉘터(거치형),,,,,,,,
119,원미,중동,11146,중원초교,LED,쉘터(거치형),,,,,,,,
120,원미,약대동,11147,부천초등학교,LCD+LED,쉘터(거치형),,,,,,,,
121,원미,중동,11148,은하마을.덕유마을,LCD,독립형,,,,,,,,
122,원미,중동,11149,은하마을.덕유마을,LCD,독립형,,,,,,,,
123,원미,약대동,11150,부천초등학교,LCD+LED,쉘터(거치형),,,,,,,,
124,원미,중동,11151,중동시장앞.넘말,LED,쉘터(거치형),,,,,,,,
125,원미,중동,11152,중동시장앞.넘말,LCD,독립형,,,,,,,,
126,원미,중동,11153,부천시청역5번출구,LED,쉘터(독립형),,,,,,,,
127,원미,중동,11155,덕유마을,LED,쉘터(거치형),,,,,,,,
128,원미,중동,11156,덕유마을3단지,LED,쉘터(거치형),,,,,,,,
129,원미,중동,11157,덕유마을상가,LED,쉘터(거치형),,,,,,,,
130,원미,중동,11158,부천시청.중앙공원,LED,쉘터(거치형),,,,,,,,
131,원미,중동,11159,팰리스카운티.부천서초교입구,LCD,쉘터(독립형),,,,,,,,
132,원미,중동,11160,팰리스카운티.장말문예사거리,LED,독립형,,,,,,,,
133,원미,중동,11161,부천시청역1번출구,LED,쉘터(독립형),,,,,,,,
134,원미,약대동,11162,부천아이파크,LCD+LED,쉘터(거치형),,,,,,,,
135,원미,중동,11163,팰리스카운티.부천서초교입구,LCD,쉘터(독립형),,,,,,,,
136,원미,중동,11164,복사골마을,LED,쉘터(거치형),,,,,,,,
137,원미,중동,11165,복사골마을,LCD,독립형,,,,,,,,
138,원미,약대동,11166,부천아이파크,LCD+LED,쉘터(거치형),,,,,,,,
139,원미,중동,11167,팰리스카운티.장말문예사거리,LED,표지판일체형,,,,,,,,
140,원미,중동,11168,그린타운상가.무지개마을,LCD,쉘터(독립형),,,,,,,,
141,원미,중동,11169,그린타운상가.무지개마을,LED,쉘터(거치형),,,,,,,,
142,원미,중동,11170,팰리스카운티.부천중학교,LED,쉘터(거치형),,,,,,,,
143,원미,중동,11171,중흥고교,LCD,쉘터(독립형),,,,,,,,
144,원미,중동,11173,덕유마을3단지,LED,쉘터(거치형),,,,,,,,
145,원미,중동,11174,은하쌍용아파트,LED,쉘터(독립형),,,,,,,,
146,원미,중동,11175,중앙공원.미리내마을,LCD,쉘터(독립형),,,,,,,,
147,원미,중동,11176,중앙공원.미리내마을,LCD,독립형,,,,,,,,
148,원미,중동,11177,중흥고교,LCD,쉘터(독립형),,,,,,,,
149,원미,중동,11178,부천시청,LED,쉘터(거치형),,,,,,,,
150,원미,중동,11179,부천시청,LCD,쉘터(거치형),,,,,,,,
151,원미,중동,11180,은하마을.중흥마을,LCD,쉘터(독립형),,,,,,,,
152,원미,중동,11181,중동행정복지센터.시민회관,LCD,쉘터(독립형),,,,,,,,
153,원미,중동,11182,부천중학교,LED,쉘터(거치형),,,,,,,,
154,원미,중동,11183,덕유마을.설악마을,LCD,쉘터(독립형),,,,,,,,
155,원미,중동,11185,중흥마을.은하마을,LCD,독립형,,,,,,,,
156,원미,중동,11186,계남고교,LED,쉘터(거치형),,,,,,,,
157,원미,중동,11187,설악마을.덕유마을,LCD,쉘터(독립형),,,,,,,,
158,원미,약대동,11188,약대주민지원센터.약대초등학교,LCD,독립형,,,,,,,,
159,원미,약대동,11190,트레지움1단지.다니엘병원,LCD,쉘터(독립형),,,,,,,,
160,원미,약대동,11191,약대주민지원센터.약대초등학교,LCD,독립형,,,,,,,,
161,원미,중동,11192,계남고교,LED,쉘터(거치형),,,,,,,,
162,원미,약대동,11193,트레지움1단지.다니엘병원,LCD,쉘터(독립형),,,,,,,,
163,원미,중동,11194,설악마을.중흥마을,LCD,쉘터(거치형),,,,,,,,
164,원미,중동,11195,그린타운.미리내마을,LED,쉘터(거치형),,,,,,,,
165,원미,중동,11196,그린타운.미리내마을,LED,쉘터(거치형),,,,,,,,
166,원미,중동,11197,미리내마을,LED,쉘터(거치형),,,,,,,,
167,원미,중동,11198,미리내마을,LED,쉘터(거치형),,,,,,,,
168,원미,중동,11199,설악마을.중흥마을,LED,쉘터(거치형),,,,,,,,
169,원미,심곡동,11202,부천중학교,LED,쉘터(거치형),,,,,,,,
170,원미,중동,11203,시민운동장.시민회관,LED,표지판일체형,,,,,,,,
171,원미,중동,11204,시민운동장,LCD,쉘터(독립형),,,,,,,,
172,원미,심곡동,11205,상공회의소,LED,쉘터(거치형),,,,,,,,
173,원미,중동,11207,신중동역4번출구.롯데백화점.홈플러스중동지점,LCD,쉘터(독립형),,,,,,,,
174,원미,중동,11209,부천교육지원청.부천세무서,LED,쉘터(거치형),,,,,,,,
175,원미,중동,11210,계남중학교,LED,쉘터(거치형),,,,,,,,
176,원미,중동,11211,부곡중학교,LED,쉘터(거치형),,,,,,,,
177,원미,중동,11212,부곡중학교,LED,쉘터(거치형),,,,,,,,
178,원미,중동,11213,부천교육지원청.부천세무서,LED,쉘터(거치형),,,,,,,,
179,원미,중동,11214,계남중학교,LED,쉘터(거치형),,,,,,,,
180,원미,중동,11215,한양아파트,LED,쉘터(거치형),,,,,,,,
181,원미,도당동,11216,약대사거리,LED,표지판,,,,,,,,
182,원미,중동,11217,나성빌딩.위브트레지움2단지,LED,쉘터(거치형),,,,,,,,
183,원미,심곡동,11218,부천상공회의소,LED,표지판일체형,,,,,,,,
184,원미,중동,11219,부천세무서,LCD,쉘터(거치형),,,,,,,,
185,원미,약대동,11220,나성빌딩.부천중동래미안,LED,독립형,,,,,,,,
186,원미,약대동,11221,손가면옥,LED,독립형,,,,,,,,
187,원미,심곡동,11222,KT부천지사,LCD,쉘터(독립형),,,,,,,,
188,원미,중동,11223,부천세무서,LED,쉘터(거치형),,,,,,,,
189,원미,도당동,11224,농협신흥지점,LED,쉘터(거치형),,,,,,,,
190,원미,약대동,11225,손가면옥,LED,쉘터(독립형),,,,,,,,
191,원미,약대동 221-3,11226,약대초등학교입구,LCD,쉘터(거치형),,,,,,,,
192,원미,중동,11228,신중동역5번출구.중흥중학교,LCD,쉘터(거치형),,,,,,,,
193,원미,중동,11229,신중동역6번출구.중흥중학교,LCD,쉘터(거치형),,,,,,,,
194,원미,심곡동,11230,심곡초등학교,LED,쉘터(거치형),,,,,,,,
195,원미,심곡동,11231,KT부천지사,LCD,독립형,,,,,,,,
196,원미,중동,11232,샛별어린이공원,LED,표지판일체형,,,,,,,,
197,원미,도당동,11233,약대오거리.동부하이텍,LED,쉘터(거치형),,,,,,,,
198,원미,심곡동,11234,KT부천지사사거리,LED,쉘터(거치형),,,,,,,,
199,원미,심곡동,11236,KT부천지사사거리,LCD,쉘터(독립형),,,,,,,,
200,원미,중동,11237,샛별어린이공원,LED,표지판일체형,,,,,,,,
201,원미,중동,11238,신중동역3번출구.원미경찰서.롯데백화점,LED,쉘터(거치형),,,,,,,,
202,원미,중동,11240,신중동역2번출구.원미경찰서.롯데백화점,LCD+LED,쉘터(거치형),,,,,,,,
203,원미,심곡동,11241,부천대학교,LCD,쉘터(독립형),,,,,,,,
204,원미,심곡동,11242,부천대학교,LCD,쉘터(독립형),,,,,,,,
205,원미,중동,11243,기업은행.위브더스테이트5단지,LCD,쉘터(거치형),,,,,,,,
206,원미,중동,11244,부천소방서,LED,쉘터(거치형),,,,,,,,
207,원미,심곡동,11245,심곡초등학교,LED,쉘터(거치형),,,,,,,,
208,원미,중동,11246,부천소방서,LED,쉘터(거치형),,,,,,,,
209,원미,심곡동,11247,부천소방서.부천대학사거리,LCD,쉘터(독립형),,,,,,,,
210,원미,심곡동,11248,부천소방서.부천대학사거리,LCD,쉘터(독립형),,,,,,,,
211,원미,심곡동,11249,부천대입구,LCD,쉘터(독립형),,,,,,,,
212,원미,중동,11250,위브더스테이트5단지,LCD,쉘터(독립형),,,,,,,,
213,원미,중동,11251,부흥중학교.심원고교,LED,쉘터(거치형),,,,,,,,
214,원미,중동,11252,부흥중학교,LED,표지판일체형,,,,,,,,
215,원미,중동,11253,신중동역7번출구.심원고교.삼환아파트.중3주민지원센터,LCD,쉘터(독립형),,,,,,,,
216,원미,심곡동,11254,부천대후문,LED,표지판일체형,,,,,,,,
217,원미,중동,11255,신중동역1번출구.꿈마을.삼환아파트,LCD,쉘터(독립형),,,,,,,,
218,원미,도당동,11256,KEB하나은행도당동지점,LED,쉘터(독립형),,,,,,,,
219,원미,중동,11257,꿈마을.연화마을,LED,쉘터(거치형),,,,,,,,
220,원미,중동,11258,꿈마을.연화마을,LED,쉘터(거치형),,,,,,,,
221,원미,도당동,11260,강남시장,LED,쉘터(거치형),,,,,,,,
222,원미,도당동,11261,강남시장,LED,쉘터(거치형),,,,,,,,
223,원미,중동,11262,심원고등학교,LED,쉘터(거치형),,,,,,,,
224,원미,도당동,11263,현대자동차학원,LED,표지판일체형,,,,,,,,
225,원미,도당동,11264,씨에스아이엔테크,LED,쉘터(거치형),,,,,,,,
226,원미,도당동,11265,부천대우테크노파크,LED,쉘터(거치형),,,,,,,,
227,원미,도당동,11266,현대자동차학원,LED,표지판일체형,,,,,,,,
228,원미,중동,11267,심원고등학교,LED,표지판일체형,,,,,,,,
229,원미,도당동,11268,씨에스아이엔테크,LED,쉘터(거치형),,,,,,,,
230,원미,도당동,11269,부천대우테크노파크,LED,쉘터(거치형),,,,,,,,
231,원미,심곡동,11270,부천대후문,LED,쉘터(거치형),,,,,,,,
232,원미,중동,11271,꿈마을,LED,쉘터(거치형),,,,,,,,
233,원미,중동,11272,꿈마을,LCD,쉘터(독립형),,,,,,,,
234,원미,중동,11273,심원초등학교,LED,쉘터(거치형),,,,,,,,
235,원미,중동,11274,심곡천종점.부천보건소,LED,쉘터(거치형),,,,,,,,
236,원미,중동,11275,부천보건소.건영아파트,LED,쉘터(거치형),,,,,,,,
237,원미,중동,11276,부천보건소.건영아파트,LED,쉘터(거치형),,,,,,,,
238,원미,중동,11277,심원초등학교,LED,쉘터(거치형),,,,,,,,
239,원미,심곡동,11278,부천역.국민은행,LCD+LED,쉘터(거치형),,,,,,,,
240,원미,중동,11279,원미고등학교,LED,쉘터(거치형),,,,,,,,
241,원미,중동,11280,원미고등학교,LCD,쉘터(거치형),,,,,,,,
242,원미,심곡동,11281,세일병원입구,LED,표지판일체형,,,,,,,,
243,원미,심곡동,11282,심곡천종점.부천보건소,LED,독립형,,,,,,,,
244,원미,춘의동,11284,부천고용복지플러스센터,LCD,독립형,,,,,,,,
245,원미,심곡동,11285,세일병원입구,LED,표지판일체형,,,,,,,,
246,원미,도당동,11286,도당사거리,LED,쉘터(거치형),,,,,,,,
247,원미,심곡동,11287,부천역북부.농협,LED,쉘터(거치형),,,,,,,,
248,원미,심곡동,11289,대성병원.심곡천사거리,LCD,독립형,,,,,,,,
249,원미,심곡동,11290,노마즈하우스.우리은행,LCD,쉘터(거치형),,,,,,,,
250,원미,심곡동,11291,대성병원.심곡천사거리,LED,쉘터(거치형),,,,,,,,
251,원미,심곡동,11292,대성병원,LCD,쉘터(독립형),,,,,,,,
252,원미,심곡동,11293,대성병원,LED,쉘터(거치형),,,,,,,,
253,원미,심곡동,11294,부천역북부,LED,쉘터(거치형),,,,,,,,
254,원미,도당동,11295,도당주민지원센터,LCD,쉘터(거치형),,,,,,,,
255,원미,도당동,11296,도당중학교,LCD,쉘터(거치형),,,,,,,,
256,원미,도당동,11298,도당주민지원센터,LCD,쉘터(독립형),,,,,,,,
257,원미,도당동,11299,온반도체,LCD,쉘터(거치형),,,,,,,,
258,원미,도당동,11300,온반도체,LCD,쉘터(거치형),,,,,,,,
259,원미,심곡동,11301,부천북초등학교.원미동우체국,LCD,독립형,,,,,,,,
260,원미,원미동,11302,부천북초등학교.원미동우체국,LCD,쉘터(거치형),,,,,,,,
261,원미,춘의동,11303,춘의역5번출구,LCD,쉘터(거치형),,,,,,,,
262,원미,도당동,11304,공구상가.부천천문과학관,LCD,쉘터(거치형),,,,,,,,
263,원미,도당동,11305,공구상가.부천천문과학관,LED,쉘터(거치형),,,,,,,,
264,원미,심곡동,11306,부천역.심곡동 행정복지센터,LED,쉘터(거치형),,,,,,,,
265,원미,심곡동,11308,부천동 행정복지센터.원미어울마당,LED,쉘터(독립형),,,,,,,,
266,원미,도당동,11309,도당사거리.도당중학교,LCD,독립형,,,,,,,,
267,원미,원미동,11310,부천동 행정복지센터.원미어울마당,LCD,쉘터(거치형),,,,,,,,
268,원미,춘의동,11311,춘의역4번출구,LCD,쉘터(독립형),,,,,,,,
269,원미,춘의동,11312,춘의테크노파크단지앞,LCD,쉘터(거치형),,,,,,,,
270,원미,춘의동,11313,춘의테크노파크단지앞,LCD,쉘터(거치형),,,,,,,,
271,원미,춘의동,11314,춘의역6번출구,LCD+LED,쉘터(거치형),,,,,,,,
272,원미,춘의동,11315,춘의역7번출구,LED,쉘터(거치형),,,,,,,,
273,원미,도당동,11318,복지아파트,LCD,쉘터(독립형),,,,,,,,
274,원미,심곡동,11319,소명사거리.동영피렌체,LED,쉘터(거치형),,,,,,,,
275,원미,심곡동,11320,소명여고사거리,LED,표지판일체형,,,,,,,,
276,원미,도당동,11322,복지아파트,LED,독립형,,,,,,,,
277,원미,원미동,11323,소명여중고입구,LED,쉘터(거치형),,,,,,,,
278,원미,심곡동,11324,소명사거리,LCD,독립형,,,,,,,,
279,원미,원미동,11325,소명여중고입구,LED,쉘터(거치형),,,,,,,,
280,원미,도당동,11326,도당동장미원입구,LCD,독립형,,,,,,,,
281,원미,원미동,11327,원미풍림아파트.사우촌,LED,독립형,,,,,,,,
282,원미,소사동,11328,부천성모병원입구,LCD,쉘터(독립형),,,,,,,,
283,원미,소사동,11329,소명사거리,LCD,쉘터(독립형),,,,,,,,
284,원미,춘의동,11330,춘의가구거리,LCD,쉘터(독립형),,,,,,,,
285,원미,소사동,11331,부천성모병원입구,LCD,쉘터(독립형),,,,,,,,
286,원미,원미동,11332,원미풍림아파트.사우촌,LCD,독립형,,,,,,,,
287,원미,원미동,11336,축협원미지점,LED,독립형,,,,,,,,
288,원미,원미동,11337,축협원미지점,LED,독립형,,,,,,,,
289,원미,원미동,11338,원미두산아파트,LCD,독립형,,,,,,,,
290,원미,원미동,11339,원미두산아파트,LCD,쉘터(독립형),,,,,,,,
291,원미,원미동,11340,조마루삼거리,LED,독립형,,,,,,,,
292,원미,원미동,11341,조마루삼거리,LCD+LED,표지판,,,,,,,,
293,원미,도당동,11342,KT북부천지사.365안전교육장,LCD,쉘터(독립형),,,,,,,,
294,원미,소사동,11343,소사역.부천성모병원입구,LCD,독립형,,,,,,,,
295,원미,춘의동,11344,춘의아파트,LCD,독립형,,,,,,,,
296,원미,춘의동,11345,춘의아파트,LED,쉘터(거치형),,,,,,,,
297,원미,소사동,11346,소사역.부천성모병원입구,LED,표지판일체형,,,,,,,,
298,원미,춘의동,11347,당아래지하차도,LCD,독립형,,,,,,,,
299,원미,도당동,11348,KT북부천지사.365안전교육장,LCD,독립형,,,,,,,,
300,원미,소사동,11349,소사주민지원센터.부천성모병원후문입구,LED,쉘터(거치형),,,,,,,,
301,원미,원미동,11350,석왕사.부천다문화지원센터,LED,쉘터(독립형),,,,,,,,
302,원미,원미동,11351,석왕사.부천다문화지원센터,LCD,쉘터(독립형),,,,,,,,
303,원미,춘의동,11352,당아래지하차도,LCD,쉘터(독립형),,,,,,,,
304,원미,소사동,11353,소사주민지원센터.부천성모병원후문입구,LCD,독립형,,,,,,,,
305,원미,춘의동,11356,당아래,LCD,독립형,,,,,,,,
306,원미,춘의동,11357,당아래,LED,표지판일체형,,,,,,,,
307,원미,원미동,11358,풍림아파트.산림욕장삼거리,LED,쉘터(거치형),,,,,,,,
308,원미,원미동,11359,풍림아파트.산림욕장삼거리,LED,쉘터(거치형),,,,,,,,
309,소사,소사본동,11360,소사역,LCD,독립형,,,,,,,,
310,원미,원미동,11361,원미두산아파트후문,LCD,독립형,,,,,,,,
311,원미,소사동,11362,대화아파트,LED,쉘터(거치형),,,,,,,,
312,원미,소사동,11363,대화아파트,LCD,독립형,,,,,,,,
313,원미,원미동,11364,시립도서관.중앙레포츠공원.현충원,LCD,독립형,,,,,,,,
314,원미,원미동,11365,시립도서관.중앙레포츠공원.현충원,LCD,독립형,,,,,,,,
315,원미,춘의동,11366,종합운동장,LED,쉘터(거치형),,,,,,,,
316,원미,춘의동,11368,종합운동장,LCD,쉘터(독립형),,,,,,,,
317,원미,역곡동,11372,금강맨션,LCD,독립형,,,,,,,,
318,원미,춘의동,11373,부천종합운동장역1번출구,LCD,쉘터(독립형),,,,,,,,
319,원미,역곡동,11374,금강맨션,LCD,독립형,,,,,,,,
320,원미,역곡동,11375,대진아파트,LCD,독립형,,,,,,,,
321,원미,역곡동,11376,대진아파트,LCD,독립형,,,,,,,,
322,원미,역곡동,11377,가톨릭대학교입구.보람쉬움아파트,LCD,독립형,,,,,,,,
323,원미,춘의동,11378,부천상록학교,LCD,쉘터(독립형),,,,,,,,
324,원미,역곡동,11380,가톨릭대학교입구.보람쉬움아파트,LCD,독립형,,,,,,,,
325,원미,역곡동,11381,역곡2주민지원센터입구,LCD,독립형,,,,,,,,
326,원미,역곡동,11382,역곡2주민지원센터입구,LCD,쉘터(독립형),,,,,,,,
327,원미,역곡동,11384,역곡초.중.고등학교,LCD,쉘터(독립형),,,,,,,,
328,원미,역곡동,11385,역곡안동네,LED,쉘터(거치형),,,,,,,,
329,원미,춘의동,11386,밤골.부천산울림청소년수련관,LCD,쉘터(독립형),,,,,,,,
330,원미,역곡동,11387,역곡초.중.고등학교,LCD,독립형,,,,,,,,
331,원미,역곡동,11388,양문교회,LED,독립형,,,,,,,,
332,원미,역곡동,11389,역곡시장,LCD,쉘터(독립형),,,,,,,,
333,원미,역곡동,11390,역곡역북부,LED,표지판일체형,,,,,,,,
334,원미,역곡동,11391,역곡역북부,LCD,독립형,,,,,,,,
335,원미,역곡동,11395,역곡역.역곡북부시장입구,LED,표지판,,,,,,,,
336,원미,역곡동,11396,역곡역.역곡북부시장입구,LCD,독립형,,,,,,,,
337,원미,역곡동,11399,역곡1주민지원센터입구,LCD,독립형,,,,,,,,
338,원미,역곡동,11400,역곡1주민지원센터입구,LCD,독립형,,,,,,,,
339,원미,상동,11401,행복한마을.푸른마을.상일중학교,LCD,쉘터(독립형),,,,,,,,
340,원미,춘의동,11404,까치울역2번출구,LCD,쉘터(독립형),,,,,,,,
341,원미,역곡2동,11406,역곡역북부,LED,쉘터(거치형),,,,,,,,
342,원미,역곡동,11409,농협사거리(마),LCD,쉘터(독립형),,,,,,,,
343,원미,역곡동,11410,역곡감리교회.역곡2동성당,LED,쉘터(거치형),,,,,,,,
344,원미,역곡동,11411,역곡감리교회.역곡2동성당,LED,표지판일체형,,,,,,,,
345,원미,역곡동,11416,가톨릭대학교,LED,쉘터(거치형),,,,,,,,
346,원미,역곡동,11426,가톨릭대학교정문,LED,독립형,,,,,,,,
347,원미,역곡동,11427,국민은행(마),LCD,쉘터(독립형),,,,,,,,
348,원미,역곡2동 52-2,11428,역곡2주민지원센터,LED,독립형,,,,,,,,
349,원미,심곡동,11430,심곡동 행정복지센터.원미초교,LED,쉘터(거치형),,,,,,,,
350,원미,심곡동,11431,심곡동 행정복지센터.원미초교,LED,독립형,,,,,,,,
351,원미,심곡동,11432,부천시민학습원,LED,쉘터(거치형),,,,,,,,
352,원미,심곡동,11433,부천시민학습원,LCD,쉘터(독립형),,,,,,,,
353,원미,중동,11434,계룡리슈빌,LED,쉘터(거치형),,,,,,,,
354,원미,중동,11435,신중동역3번출구.롯데백화점.홈플러스중동지점,LED,쉘터(거치형),,,,,,,,
355,원미,중동,11440,부천시청역4번출구.현대백화점.경기예고,LCD,쉘터(거치형),,,,,,,,
356,원미,중동,11441,부천시청역3번출구.경기예고.현대백화점,LED,쉘터(거치형),,,,,,,,
357,원미,역곡동,11444,역곡안동네,LED,독립형,,,,,,,,
358,원미,역곡동,11445,양문교회,LED,표지판,,,,,,,,
359,원미,약대동,11447,부천테크노파크4단지403동앞,LCD,쉘터(독립형),,,,,,,,
360,원미,약대동,11448,부천테크노파크2단지201동앞,LED,쉘터(거치형),,,,,,,,
361,원미,약대동,11449,부천테크노파크4단지401동앞,LCD,독립형,,,,,,,,
362,원미,도당동,11451,도당소공원,LCD,독립형,,,,,,,,
363,원미,도당동,11453,도당교,LED,독립형,,,,,,,,
364,오정,정동,11454,도당교,LED,독립형,,,,,,,,
365,원미,상동,11456,다정한마을주공아파트,LCD,독립형,,,,,,,,
366,원미,역곡2동,11458,역곡지구대,LED,표지판일체형,,,,,,,,
367,원미,심곡동,11461,부천역북부(기점),LCD+LED,독립형,,,,,,,,
368,원미,상2동 570,11463,하얀마을,LCD,독립형,,,,,,,,
369,원미,심곡동,11467,부천역.심곡동 행정복지센터,LCD,쉘터(독립형),,,,,,,,
370,원미,상동,11468,부천정보산업고교,LCD,쉘터(거치형),,,,,,,,
371,원미,춘의동,11469,부천고용복지플러스센터,LCD,쉘터(독립형),,,,,,,,
372,원미,심곡동,11473,부천대입구,LED,쉘터(거치형),,,,,,,,
373,원미,중동,11474,한양아파트,LED,표지판일체형,,,,,,,,
374,원미,약대동,11475,부천테크노파크2단지,LCD,쉘터(독립형),,,,,,,,
375,원미,중동,11476,천화사.심원고등학교,LED,쉘터(독립형),,,,,,,,
376,원미,상동,11481,송내역.영화의거리,LED,쉘터(거치형),,,,,,,,
377,원미,춘의동,11482,천화사.심원고등학교,LED,쉘터(거치형),,,,,,,,
378,원미,춘의동,11488,춘의가구거리,LCD,쉘터(독립형),,,,,,,,
379,원미,상동,11490,상지초등학교,LED,쉘터(거치형),,,,,,,,
380,원미,상동 5,11491,대림아파트,LED,쉘터(거치형),,,,,,,,
381,원미,중동,11492,포도마을사거리.현대백화점.이마트,LED,쉘터(거치형),,,,,,,,
382,원미,춘의동,11498,조마루사거리,LED,쉘터(거치형),,,,,,,,
383,원미,중동,11499,위브더스테이트9단지,LCD+LED,쉘터(거치형),,,,,,,,
384,원미,도당동,11500,근화아파트,LCD,독립형,,,,,,,,
385,원미,상동,11503,부개6단지후문.웅진플레이,LED,쉘터(거치형),,,,,,,,
386,원미,상동,11504,인천미래생활고등학교,LED,쉘터(거치형),,,,,,,,
387,원미,역곡동,11505,국민은행(마),LCD,쉘터(독립형),,,,,,,,
388,원미,약대동,11506,부천테크노파크2단지200동앞,LED,쉘터(거치형),,,,,,,,
389,원미,도당동,11507,북부도서관,LCD,독립형,,,,,,,,
390,원미,원미동,11509,풍림아파트.부천다문화지원센터,LCD,쉘터(독립형),,,,,,,,
391,원미,원미동,11513,풍림아파트.부천다문화지원센터,LCD,독립형,,,,,,,,
392,원미,중동,11514,팰리스카운티정문,LCD,쉘터(독립형),,,,,,,,
393,원미,상동,11517,상1주민지원센터입구,LED,독립형,,,,,,,,
394,원미,중동,11518,팰리스카운티정문,LCD,쉘터(독립형),,,,,,,,
395,원미,춘의동,11519,중앙그린빌아파트,LCD,쉘터(독립형),,,,,,,,
396,원미,춘의동,11520,중앙그린빌아파트,LCD,쉘터(독립형),,,,,,,,
397,원미,중동,11521,그린타운앞.유베이스,LED,쉘터(거치형),,,,,,,,
398,원미,중동,11522,금호한양상가.유베이스,LED,쉘터(거치형),,,,,,,,
399,원미,상동,11525,사랑마을.신도초교,LCD,독립형,,,,,,,,
400,원미,중4동 1024-1,55078,중원고등학교,LED,쉘터(거치형),,,,,,,,
401,원미,상동 623,55009,부평동중,LED,쉘터(거치형),,,,,,,,
402,원미,원미동,11536,부천동 행정복지센터.원미어울마당,LED,독립형,,,,,,,,
403,원미,원미동,11537,원미지구대,LED,독립형,,,,,,,,
404,원미,원미동,11538,원미지구대,LED,독립형,,,,,,,,
405,원미,원미동,11539,부천동 행정복지센터.원미어울마당,LED,표지판일체형,,,,,,,,
406,원미,상동,11540,한국아파트,LED,쉘터(거치형),,,,,,,,
407,원미,상동,11541,경남아파트,LED,쉘터(거치형),,,,,,,,
408,원미,중동,11542,팰리스카운티.장말문예사거리,LED,쉘터(거치형),,,,,,,,
409,원미,심곡동,11548,부천상상거리,LCD,쉘터(거치형),,,,,,,,
410,원미,약대동,11549,신흥시장,LCD+LED,독립형,,,,,,,,
411,원미,약대동,11551,신흥시장,LCD+LED,쉘터(거치형),,,,,,,,
412,원미,상동,11555,송내역A,LCD+LED,독립형,,,,,,,,
413,원미,상동,11556,송내역B,LCD+LED,독립형,,,,,,,,
414,원미,상동,11557,송내역C,LCD+LED,독립형,,,,,,,,
415,원미,중동,11558,루미아트,LCD+LED,쉘터(거치형),,,,,,,,
416,소사,심곡본동,12508,성지아파트.산성교회입구,LED,쉘터(거치형),,,,,,,,
417,소사,송내동,56131,송내역남부,LCD+LED,쉘터(독립형),,,,,,,,
418,소사,송내동,56005,송내역남부,LCD+LED,쉘터(독립형),,,,,,,,
419,소사,송내동,12003,송내역남부,LED,쉘터(거치형),,,,,,,,
420,소사,송내동,12006,중앙병원입구.송내자이아파트,LED,독립형,,,,,,,,
421,소사,송내동,12007,중앙병원입구.송내자이아파트,LCD,쉘터(독립형),,,,,,,,
422,소사,송내동,12008,송내사거리.송일초등학교,LED,쉘터(거치형),,,,,,,,
423,소사,송내동,12009,송내사거리.중동역,LED,독립형,,,,,,,,
424,소사,송내동,12010,중동역,LCD,쉘터(독립형),,,,,,,,
425,소사,송내동,12011,신한일전기,LED,표지판,,,,,,,,
426,소사,송내동,12012,신한일전기,LCD,독립형,,,,,,,,
427,소사,송내동,12013,중동역,LCD,쉘터(독립형),,,,,,,,
428,소사,송내동,12014,동신아파트,LED,독립형,,,,,,,,
429,소사,송내동,12015,동신아파트,LED,표지판,,,,,,,,
430,소사,송내동,12016,송내e편한세상.부천고,LED,표지판,,,,,,,,
431,소사,송내동,12017,송내사회체육관.부천고.부천공고,LED,쉘터(거치형),,,,,,,,
432,소사,송내동,12018,송내사회체육관.부천고.부천공고,LCD,쉘터(독립형),,,,,,,,
433,소사,송내동,12019,송내e편한세상.부천고,LED,독립형,,,,,,,,
434,소사,송내동,12020,성주초교.부천공고,LED,독립형,,,,,,,,
435,소사,송내동,12021,성주초교.부천공고,LCD,쉘터(독립형),,,,,,,,
436,소사,송내동,12022,영스포렉스,LCD,쉘터(독립형),,,,,,,,
437,소사,송내동,12027,소사경찰서,LCD,쉘터(독립형),,,,,,,,
438,소사,송내동,12030,부천남중학교,LCD,쉘터(독립형),,,,,,,,
439,소사,송내동,12031,부천남중학교,LCD,쉘터(독립형),,,,,,,,
440,소사,심곡본동,12034,정명고.경기경영고,LCD,쉘터(독립형),,,,,,,,
441,소사,심곡본동,12036,심곡고가사거리,LCD,쉘터(독립형),,,,,,,,
442,소사,심곡본동,12037,정명공원,LED,쉘터(거치형),,,,,,,,
443,소사,심곡본동,12038,심곡약국,LED,표지판일체형,,,,,,,,
444,소사,심곡본동,12039,깊은구지사거리,LCD,독립형,,,,,,,,
445,소사,심곡본동,12040,깊은구지사거리,LED,독립형,,,,,,,,
446,소사,심곡본동,12042,소림사,LCD,독립형,,,,,,,,
447,소사,심곡본동,12043,소림사,LED,독립형,,,,,,,,
448,소사,심곡본동,12044,부천자유시장.대산동 행정복지센터,LCD,독립형,,,,,,,,
449,소사,심곡본동,12046,부천자유시장.대산동 행정복지센터,LCD,쉘터(독립형),,,,,,,,
450,소사,심곡본동,12048,극동아파트,LED,독립형,,,,,,,,
451,소사,심곡본동,12049,극동아파트,LCD,독립형,,,,,,,,
452,소사,심곡본동,12050,심곡본주민지원센터.일신교회,LED,독립형,,,,,,,,
453,소사,심곡본동,12051,부천역남부광장,LED,쉘터(거치형),,,,,,,,
454,소사,심곡본동,12052,부천역남부광장,LCD,쉘터(독립형),,,,,,,,
455,소사,심곡본동,12053,부천역남부.부천남초교,LED,독립형,,,,,,,,
456,소사,심곡본동,12054,부천역남부.부천남초교,LED,독립형,,,,,,,,
457,소사,심곡본동,12055,부천역남부,LCD,쉘터(독립형),,,,,,,,
458,소사,심곡본동,12056,부천역남부,LED,독립형,,,,,,,,
459,소사,옥길동,12057,센트리뷰.브리즈힐,LCD+LED,쉘터(거치형),,,,,,,,
460,소사,심곡본동,12058,부천역전우체국,LCD,쉘터(독립형),,,,,,,,
461,소사,소사본동,12059,진영고등학교,LED,쉘터(거치형),,,,,,,,
462,소사,소사본동,12060,진영고등학교,LED,쉘터(거치형),,,,,,,,
463,소사,소사본동,12061,소사본주민지원센터,LED,쉘터(거치형),,,,,,,,
464,소사,소사본동,12062,소사본주민지원센터,LED,쉘터(거치형),,,,,,,,
465,소사,소사본동,12063,부원초등학교,LED,쉘터(거치형),,,,,,,,
466,소사,소사본동,12064,여우고개입구,LED,쉘터(거치형),,,,,,,,
467,소사,소사본동,12065,세종병원.서울신학대학교,LED,쉘터(거치형),,,,,,,,
468,소사,소사본동,12066,부원초등학교,LED,쉘터(거치형),,,,,,,,
469,소사,소사본동,12067,여우고개입구,LED,쉘터(거치형),,,,,,,,
470,소사,소사본동,12068,세종병원.서울신학대학교,LED,쉘터(거치형),,,,,,,,
471,소사,소사본동,12069,소사3거리.세종병원,LED,독립형,,,,,,,,
472,소사,소사본동,12070,소사역,LCD,쉘터(거치형),,,,,,,,
473,소사,소사본동,12071,복사골신협,LED,독립형,,,,,,,,
474,소사,옥길동,12072,브리즈힐.센트리뷰,LCD+LED,쉘터(거치형),,,,,,,,
475,소사,소사본동,12073,소사삼거리.세종병원.서울신학대학,LED,독립형,,,,,,,,
476,소사,소사본동,12074,소사구종점,LED,독립형,,,,,,,,
477,소사,소사본동,12075,소사구종점,LED,독립형,,,,,,,,
478,소사,소사본동,12076,소사역,LED,쉘터(거치형),,,,,,,,
479,소사,소사본동,12077,소사역,LED,독립형,,,,,,,,
480,소사,소사본동,12078,소중3길사거리,LCD,독립형,,,,,,,,
481,소사,소사본동,12079,소사초교앞사거리,LED,쉘터(거치형),,,,,,,,
482,소사,소사본동,12080,소사종합시장,LCD,독립형,,,,,,,,
483,소사,소사본동,12081,하나은행,LED,쉘터(거치형),,,,,,,,
484,소사,소사본동,12082,소사종합시장,LCD,독립형,,,,,,,,
485,소사,소사본동,12084,소사초교앞사거리,LCD,독립형,,,,,,,,
486,소사,소사본동,12085,소중3길사거리,LCD,독립형,,,,,,,,
487,소사,소사본동,12086,소새울역.양우아파트,LED,쉘터(거치형),,,,,,,,
488,소사,소사본동,12087,소새울역.양우아파트,LED,쉘터(거치형),,,,,,,,
489,소사,소사본동,12088,소사초등학교정문,LCD,독립형,,,,,,,,
490,소사,소사본동,12089,소사초등학교정문,LCD,독립형,,,,,,,,
491,소사,소사본동,12090,소새울역.한울빛도서관.복사초등학교,LCD,쉘터(거치형),,,,,,,,
492,소사,소사본동,12091,소새울역.복사초등학교.한울빛도서관,LCD,쉘터(독립형),,,,,,,,
493,소사,소사본동,12092,소사어울마당삼거리.MJ컨벤션,LED,쉘터(거치형),,,,,,,,
494,소사,소사본동,12094,소사고등학교,LCD,쉘터(독립형),,,,,,,,
495,소사,소사본동,12095,소사어울마당삼거리,LED,독립형,,,,,,,,
496,소사,옥길동,12096,산들초등학교,LCD+LED,쉘터(거치형),,,,,,,,
497,소사,소사본동,12097,KCC스위첸아파트.한신아파트,LED,독립형,,,,,,,,
498,소사,소사본동,12098,한신아파트.KCC스위첸아파트,LCD,쉘터(독립형),,,,,,,,
499,소사,소사본동,12099,소사어울마당삼거리.MJ컨벤션,LED,쉘터(거치형),,,,,,,,
500,소사,옥길동,12100,산들초등학교,LCD+LED,쉘터(거치형),,,,,,,,
501,소사,옥길동,12102,제이드카운티1단지,LCD+LED,쉘터(거치형),,,,,,,,
502,소사,옥길동,12103,옥길단독1블럭,LCD+LED,쉘터(거치형),,,,,,,,
503,소사,소사본동,12104,삼익세라믹아파트.SKVIEW아파트,LCD,쉘터(독립형),,,,,,,,
504,소사,소사본동,12105,삼익세라믹아파트.SKVIEW아파트,LED,쉘터(거치형),,,,,,,,
505,소사,괴안동,12106,소사어울마당사거리,LCD,독립형,,,,,,,,
506,소사,괴안동,12108,조공아파트,LED,독립형,,,,,,,,
507,소사,괴안동,12109,조공아파트,LED,독립형,,,,,,,,
508,소사,괴안동,12110,괴안동입구.성심고가,LED,쉘터(거치형),,,,,,,,
509,소사,괴안동,12111,현대정형외과,LED,쉘터(거치형),,,,,,,,
510,소사,괴안동,12112,괴안동입구.성심고가,LED,쉘터(거치형),,,,,,,,
511,소사,괴안동,12113,괴안동입구,LED,표지판,,,,,,,,
512,소사,괴안동,12114,괴안동입구,LED,독립형,,,,,,,,
513,소사,괴안동,12117,괴안사거리.괴안우체국,LCD,독립형,,,,,,,,
514,소사,괴안동,12118,범안동 행정복지센터,LCD,독립형,,,,,,,,
515,소사,괴안동,12119,괴안사거리.삼오유치원,LED,독립형,,,,,,,,
516,소사,괴안동,12120,괴안사거리.삼오유치원,LED,독립형,,,,,,,,
517,소사,괴안동,12121,부천범박힐스테이트입구.동남사거리,LED,독립형,,,,,,,,
518,소사,범박동,12123,부천범박힐스테이트1.2단지,LCD,독립형,,,,,,,,
519,소사,범박동,12124,부천범박힐스테이트1.2단지,LCD+LED,쉘터(거치형),,,,,,,,
520,소사,범박동,12125,범박주민지원센터,LCD,독립형,,,,,,,,
521,소사,범박동,12126,부천범박힐스테이트3.4단지,LED,쉘터(거치형),,,,,,,,
522,소사,범박동,12127,부천범박힐스테이트3.4단지,LED,쉘터(거치형),,,,,,,,
523,소사,범박동,12128,범박주민지원센터,LCD,독립형,,,,,,,,
524,소사,범박동,12129,부천범박힐스테이트5.6단지,LED,쉘터(거치형),,,,,,,,
525,소사,범박동,12130,부천범박힐스테이트5.6단지,LED,독립형,,,,,,,,
526,소사,괴안동,12132,신일해피트리아파트,LED,쉘터(거치형),,,,,,,,
527,소사,괴안동,12133,신일해피트리아파트,LCD,독립형,,,,,,,,
528,소사,괴안동,12134,역곡역.역곡남부시장,LCD,쉘터(독립형),,,,,,,,
529,소사,옥길동,12136,자이.호반베르디움,LCD+LED,쉘터(거치형),,,,,,,,
530,원미,역곡3동,12137,역곡역.역곡남부시장,LED,쉘터(거치형),,,,,,,,
531,소사,괴안동,12138,역곡역,LED,독립형,,,,,,,,
532,소사,옥길동,12139,호반베르디움.자이,LCD+LED,쉘터(거치형),,,,,,,,
533,원미,역곡3동,12141,부안초교.동원주택,LCD,독립형,,,,,,,,
534,소사,괴안동,12142,역곡역남부,LCD,쉘터(거치형),,,,,,,,
535,소사,괴안동,12144,부안초교.동원주택,LCD,독립형,,,,,,,,
536,소사,괴안동,12146,한양슈퍼,LED,독립형,,,,,,,,
537,소사,괴안동,12147,한양슈퍼,LED,독립형,,,,,,,,
538,소사,괴안동,12148,역곡고가입구,LCD,쉘터(거치형),,,,,,,,
539,소사,괴안동,12150,역곡고가입구,LCD,독립형,,,,,,,,
540,소사,괴안동,12153,유한대학교,LCD,쉘터(거치형),,,,,,,,
541,소사,괴안동,12154,유한대학교,LCD,쉘터(거치형),,,,,,,,
542,소사,계수동,12155,계수마을회관,LED,쉘터(거치형),,,,,,,,
543,소사,소사본동,12160,시온고등학교,LCD,쉘터(독립형),,,,,,,,
544,소사,소사본동,12161,소사중학교.주공뜨란채4단지,LED,쉘터(독립형),,,,,,,,
545,소사,소사본동,12162,소사국민체육센터,LED,쉘터(독립형),,,,,,,,
546,소사,소사본동,12163,소사국민체육센터,LCD,쉘터(독립형),,,,,,,,
547,소사,괴안동,12168,괴안사거리.괴안우체국,LCD,쉘터(독립형),,,,,,,,
548,소사,괴안동,12169,동광교회,LCD,독립형,,,,,,,,
549,소사,소사본동,12170,한신시장입구,LED,표지판일체형,,,,,,,,
550,소사,소사본동,12173,소사본3주민지원센터,LED,독립형,,,,,,,,
551,소사,소사본동,12176,주공뜨란채4단지,LCD,쉘터(거치형),,,,,,,,
552,소사,소사본동,12177,부천소사푸르지오,LCD,독립형,,,,,,,,
553,소사,소사본동,12178,소사어울마당.소사본동 행정복지센터,LED,쉘터(거치형),,,,,,,,
554,소사,소사본동,12179,소사어울마당.소사본동 행정복지센터,LCD,쉘터(독립형),,,,,,,,
555,소사,소사본동,12180,소사어울마당사거리,LED,쉘터(거치형),,,,,,,,
556,소사,소사본동,12181,풍림아파트,LED,쉘터(거치형),,,,,,,,
557,소사,소사본동,12182,두산삼성주공아파트,LED,쉘터(거치형),,,,,,,,
558,소사,소사본동,12183,청구아파트,LCD,쉘터(독립형),,,,,,,,
559,소사,소사본동,12184,소새울역.복사초등학교,LED,독립형,,,,,,,,
560,소사,소사본동,12185,수협사거리,LED,표지판일체형,,,,,,,,
561,소사,소사본동,12186,삼신아파트,LED,쉘터(거치형),,,,,,,,
562,소사,소사본동,12195,주공2.뜨란채4단지.소안초등학교,LED,쉘터(거치형),,,,,,,,
563,소사,소사본동,12196,주공2.3단지,LCD,쉘터(독립형),,,,,,,,
564,소사,괴안동,12197,주공2.3단지,LED,쉘터(거치형),,,,,,,,
565,소사,소사본동,12199,주공2단지.창영초등학교,LED,쉘터(거치형),,,,,,,,
566,소사,괴안동,12200,범안동 행정복지센터,LED,독립형,,,,,,,,
567,소사,옥길동,12429,제이드카운티2단지.헤일라움,LCD+LED,쉘터(거치형),,,,,,,,
568,소사,옥길동,12430,옥길단독1블럭,LCD+LED,쉘터(거치형),,,,,,,,
569,소사,심곡본동,12431,부천역전우체국,LED,독립형,,,,,,,,
570,소사,송내동,12432,부천고교.현대아파트,LED,독립형,,,,,,,,
571,소사,옥길동,12436,옥길중.버들초등학교,LCD+LED,쉘터(거치형),,,,,,,,
572,소사,옥길동,12437,옥길단독2블럭.상업지역,LCD+LED,쉘터(거치형),,,,,,,,
573,소사,송내동,12440,부천고교.현대아파트,LCD,독립형,,,,,,,,
574,소사,옥길동,12441,옥길단독2블럭.상업지역,LCD+LED,쉘터(거치형),,,,,,,,
575,소사,소사본동,12443,주공1.뜨란채4단지,LED,쉘터(거치형),,,,,,,,
576,소사,송내동,12444,송내역남부,LED,표지판일체형,,,,,,,,
577,소사,심곡본동,12448,소명지하차도입구,LCD,쉘터(독립형),,,,,,,,
578,소사,심곡본동,12449,심곡동양파라곤,LCD,쉘터(독립형),,,,,,,,
579,소사,괴안동,12452,보강빌라.대흥아트빌,LED,표지판일체형,,,,,,,,
580,소사,괴안동,12456,부안초교입구.범박휴먼시아1단지,LCD,쉘터(독립형),,,,,,,,
581,소사,괴안동,12458,부안초교입구.범박휴먼시아1단지,LED,쉘터(거치형),,,,,,,,
582,소사,소사본동,12462,소사어울마당.소사푸르지오,LED,독립형,,,,,,,,
583,소사,송내동,12475,부천여중.성주중,LED,쉘터(독립형),,,,,,,,
584,소사,송내동,12477,자이아파트,LCD,쉘터(독립형),,,,,,,,
585,소사,송내동,12479,복사골뜨란채아파트,LED,쉘터(거치형),,,,,,,,
586,소사,송내동,12481,부천여중.성주중,LED,쉘터(독립형),,,,,,,,
587,소사,심곡본동,12483,심곡본주민지원센터.일신교회,LCD,독립형,,,,,,,,
588,소사,옥길동,12484,옥길LH1단지.소사치매센터,LCD+LED,쉘터(거치형),,,,,,,,
589,소사,옥길동,12485,옥길LH1단지.소사치매센터,LCD+LED,쉘터(거치형),,,,,,,,
590,소사,범박동,12486,범박동휴먼시아2차,LCD,쉘터(거치형),,,,,,,,
591,소사,범박동,12488,범박고등학교,LED,쉘터(거치형),,,,,,,,
592,소사,범박동,12489,범박고등학교,LED,쉘터(거치형),,,,,,,,
593,소사,범박동,12490,양지마을입구,LED,쉘터(거치형),,,,,,,,
594,소사,범박동,12491,양지마을입구,LED,쉘터(독립형),,,,,,,,
595,소사,범박동,12492,부천범박힐스테이트1.3단지,LED,쉘터(거치형),,,,,,,,
596,소사,범박동,12493,부천범박힐스테이트1.3단지,LED,쉘터(거치형),,,,,,,,
597,소사,괴안동,12494,범박휴먼시아1단지정문,LED,쉘터(거치형),,,,,,,,
598,소사,괴안동,12495,범박휴먼시아1단지정문,LED,쉘터(거치형),,,,,,,,
599,소사,범박동,12496,양지마을,LED,쉘터(거치형),,,,,,,,
600,소사,범박동,12497,양지마을,LED,쉘터(거치형),,,,,,,,
601,소사,소사본동,12498,소사종합시장,LED,표지판일체형,,,,,,,,
602,소사,송내동,12504,송내역남부(광역버스),LED,독립형,,,,,,,,
603,소사,옥길동,12505,센트럴힐,LCD+LED,쉘터(거치형),,,,,,,,
604,오정,삼정동,13001,부천축산물공판장,LED,독립형,,,,,,,,
605,오정,삼정동,13002,부천축산물공판장,LCD,쉘터(독립형),,,,,,,,
606,오정,삼정동,13007,삼정동중소기업협동화단지,LCD,독립형,,,,,,,,
607,오정,신흥동,13009,부천테크노파크1단지100동앞,LED,쉘터(거치형),,,,,,,,
608,오정,삼정동,13010,부천테크노파크3단지300동앞,LED,쉘터(거치형),,,,,,,,
609,오정,삼정동,13013,부천자동차검사소,LED,쉘터(거치형),,,,,,,,
610,오정,삼정동,13014,삼정종합사회복지관,LED,쉘터(거치형),,,,,,,,
611,오정,삼정동,13015,한국화장품연수원.부천아트벙커B39,LCD,쉘터(독립형),,,,,,,,
612,오정,삼정동,13016,한국화장품연수원.부천아트벙커B39,LCD,독립형,,,,,,,,
613,오정,삼정동,13017,삼정초등학교,LCD,독립형,,,,,,,,
614,오정,삼정동,13018,한국화장품연수원,LCD,쉘터(독립형),,,,,,,,
615,오정,삼정동,13019,삼정초등학교,LCD,쉘터(독립형),,,,,,,,
616,오정,삼정동,13020,신흥시장,LCD+LED,쉘터(거치형),,,,,,,,
617,오정,삼정동,13021,제일주유소,LED,표지판일체형,,,,,,,,
618,오정,삼정동,13022,신흥시장,LCD+LED,독립형,,,,,,,,
619,오정,삼정동,13023,종로약국,LCD,독립형,,,,,,,,
620,오정,삼정동,13024,종로약국,LED,독립형,,,,,,,,
621,오정,신흥동,13025,삼정사거리,LED,쉘터(거치형),,,,,,,,
622,오정,삼정동,13026,삼정사거리,LCD,쉘터(독립형),,,,,,,,
623,오정,삼정동,13029,삼정사거리입구,LED,표지판,,,,,,,,
624,오정,내동,13030,삼정사거리입구,LED,표지판,,,,,,,,
625,오정,삼정동,13031,삼정아파트,LED,표지판일체형,,,,,,,,
626,오정,내동,13032,신흥주민지원센터,LCD,쉘터(독립형),,,,,,,,
627,오정,삼정동,13033,신흥주민지원센터,LCD,쉘터(독립형),,,,,,,,
628,오정,내동,13034,약대오거리,LED,쉘터(거치형),,,,,,,,
629,오정,삼정동,13037,내리주유소.한국화장품삼거리,LED,독립형,,,,,,,,
630,오정,내동,13038,내리주유소.한국화장품삼거리,LED,쉘터(거치형),,,,,,,,
631,오정,내동,13039,내동사거리,LCD,독립형,,,,,,,,
632,오정,내동,13040,내동사거리,LCD,쉘터(독립형),,,,,,,,
633,오정,내동,13041,부천IC,LCD,독립형,,,,,,,,
634,오정,신흥동,13042,부천IC,LED,쉘터(거치형),,,,,,,,
635,오정,내동,13043,부천IC,LED,쉘터(거치형),,,,,,,,
636,오정,내동,13044,내동고개,LED,쉘터(거치형),,,,,,,,
637,오정,내동,13045,내동고개,LED,독립형,,,,,,,,
638,오정,오정동,13046,내촌고가입구,LED,쉘터(거치형),,,,,,,,
639,오정,오정동,13047,부천우편집중국.부천실업고,LCD,독립형,,,,,,,,
640,오정,내동,13048,부천우편집중국.부천실업고,LCD,쉘터(독립형),,,,,,,,
641,오정,신흥동,13050,내촌사거리,LED,쉘터(거치형),,,,,,,,
642,오정,오정동,13051,내촌고가밑,LCD,독립형,,,,,,,,
643,오정,내동,13052,내촌사거리,LED,독립형,,,,,,,,
644,오정,오정동,13053,노동복지회관.오정시장,LCD,쉘터(독립형),,,,,,,,
645,오정,오정동,13054,오정동경인OBS방송국,LCD,쉘터(독립형),,,,,,,,
646,오정,오정동,13055,오정시장.노동복지회관,LED,쉘터(거치형),,,,,,,,
647,오정,오정동,13056,오정동경인OBS방송국,LCD,쉘터(독립형),,,,,,,,
648,오정,오정동,13059,금호빌라,LCD,독립형,,,,,,,,
649,오정,오정동,13060,금호빌라,LED,독립형,,,,,,,,
650,오정,오정동,13061,덕산고.봉오대로사거리,LCD,쉘터(독립형),,,,,,,,
651,오정,오정동,13062,덕산고.봉오대로사거리,LED,쉘터(거치형),,,,,,,,
652,오정,오정동,13066,삼하빌라,LED,쉘터(거치형),,,,,,,,
653,오정,오정동,13067,삼하빌라,LED,독립형,,,,,,,,
654,오정,여월동,13072,근화아파트,LED,독립형,,,,,,,,
655,오정,정동,13074,오정동행정복지센터.오정어울마당,LCD,독립형,,,,,,,,
656,오정,오정동,13077,오정동행정복지센터.대명초등학교,LCD,쉘터(독립형),,,,,,,,
657,오정,오정동,13078,오정동행정복지센터.대명초등학교,LED,쉘터(거치형),,,,,,,,
658,오정,여월동,13079,여월중,LED,독립형,,,,,,,,
659,오정,여월동,13080,여월중,LED,독립형,,,,,,,,
660,오정,원종동,13081,신동문아파트,LED,독립형,,,,,,,,
661,오정,여월동,13082,여월농업공원.휴먼시아4단지,LED,쉘터(거치형),,,,,,,,
662,오정,원종동,13083,신동문아파트,LCD,쉘터(독립형),,,,,,,,
663,오정,여월동,13084,여월농업공원.여월휴먼시아4단지,LED,쉘터(거치형),,,,,,,,
664,오정,여월동,13085,영화아파트,LCD,독립형,,,,,,,,
665,오정,정동,13086,원종2주민지원센터.원종사회복지관,LCD,독립형,,,,,,,,
666,오정,원종동,13087,원종2주민지원센터.원종사회복지관,LED,독립형,,,,,,,,
667,오정,원종동,13088,영화아파트,LCD,독립형,,,,,,,,
668,오정,원종동,13089,영화아파트,LED,독립형,,,,,,,,
669,오정,여월동,13090,여월휴먼시아5단지,LCD,쉘터(거치형),,,,,,,,
670,오정,원종동,13091,성지아파트,LED,독립형,,,,,,,,
671,오정,원종동,13092,성지아파트,LCD,독립형,,,,,,,,
672,오정,여월동,13093,오정경찰서.여월휴먼시아5단지,LCD,쉘터(거치형),,,,,,,,
673,오정,여월동,13094,성곡치안센터입구,LED,쉘터(거치형),,,,,,,,
674,오정,여월동,13096,성곡치안센터입구,LED,쉘터(거치형),,,,,,,,
675,오정,원종동,13098,동산빌리지.대한노인회,LCD,독립형,,,,,,,,
676,오정,원종동,13099,화정빌라.대한노인회,LED,표지판일체형,,,,,,,,
677,오정,원종동,13100,베르네천,LED,표지판일체형,,,,,,,,
678,오정,원종동,13101,베르네천,LED,쉘터(거치형),,,,,,,,
679,오정,고강동,13102,부대앞.아시아나항공입구,LED,쉘터(거치형),,,,,,,,
680,오정,원종동,13104,동문아파트,LED,쉘터(거치형),,,,,,,,
681,오정,원종동,13105,동문아파트,LCD,쉘터(독립형),,,,,,,,
682,오정,여월동,13106,성곡동행정복지센터.홈플러스여월점,LCD,쉘터(독립형),,,,,,,,
683,오정,원종동,13107,방배아파트,LED,독립형,,,,,,,,
684,오정,여월동,13108,성곡동행정복지센터.홈플러스여월점,LCD,쉘터(거치형),,,,,,,,
685,오정,원종동,13109,방배아파트,LCD,쉘터(독립형),,,,,,,,
686,오정,원종동,13110,서림아파트,LCD,쉘터(독립형),,,,,,,,
687,오정,원종동,13111,원종종합시장.성곡사거리,LED,쉘터(거치형),,,,,,,,
688,오정,원종동,13112,오건아파트,LCD,쉘터(거치형),,,,,,,,
689,오정,원종동,13113,원종사거리,LCD,쉘터(거치형),,,,,,,,
690,오정,원종동,13114,오정농협,LCD,쉘터(거치형),,,,,,,,
691,오정,원종동,13115,오건아파트,LCD,쉘터(독립형),,,,,,,,
692,오정,원종동,13116,원종사거리,LCD,쉘터(거치형),,,,,,,,
693,오정,원종동,13117,원종종합시장.성곡사거리,LED,쉘터(거치형),,,,,,,,
694,오정,원종동,13118,오정농협,LCD,쉘터(거치형),,,,,,,,
695,오정,원종동,13119,욱일아파트,LED,쉘터(거치형),,,,,,,,
696,오정,원종동,13120,욱일아파트,LED,쉘터(거치형),,,,,,,,
697,오정,원종동,13127,성진그린타운,LCD,독립형,,,,,,,,
698,오정,원종동,13128,성진그린타운,LCD,독립형,,,,,,,,
699,오정,원종동,13131,대성연립,LCD,독립형,,,,,,,,
700,오정,원종동,13134,대성연립,LCD,독립형,,,,,,,,
701,오정,원종동,13135,서림아파트,LCD,쉘터(독립형),,,,,,,,
702,오정,작동,13136,까치울전원마을1.2단지,LED,쉘터(거치형),,,,,,,,
703,오정,고강동,13137,부강아파트,LCD,쉘터(독립형),,,,,,,,
704,오정,고강동,13138,고강1주민지원센터.수주어린이공원,LED,쉘터(거치형),,,,,,,,
705,오정,고강동,13139,고강1주민지원센터.수주어린이공원,LED,쉘터(거치형),,,,,,,,
706,오정,작동,13140,까치울전원마을1.2단지,LED,쉘터(거치형),,,,,,,,
707,오정,고강동,13141,부강아파트,LCD,쉘터(독립형),,,,,,,,
708,오정,성곡동 ,13142,까치울초등학교,LED,쉘터(거치형),,,,,,,,
709,오정,작동,13143,까치울초등학교,LED,쉘터(거치형),,,,,,,,
710,오정,작동,13144,성곡중학교.장애인복지회관,LED,쉘터(거치형),,,,,,,,
711,오정,작동,13145,성곡중학교.장애인복지회관,LCD,쉘터(독립형),,,,,,,,
712,오정,고강동,13146,부대앞,LED,쉘터(거치형),,,,,,,,
713,오정,고강동,13147,부대앞,LCD,쉘터(독립형),,,,,,,,
714,오정,고강동,13148,상구빌딩,LED,쉘터(거치형),,,,,,,,
715,오정,고강동,13149,상구빌딩,LCD+LED,쉘터(거치형),,,,,,,,
716,오정,고강동,13150,고강동.국민은행,LED,쉘터(거치형),,,,,,,,
717,오정,고강동,13151,고강선사유적공원앞,LED,쉘터(거치형),,,,,,,,
718,오정,고강동,13152,고강선사유적공원앞,LED,쉘터(거치형),,,,,,,,
719,오정,작동 3,13154,성곡중학교,LCD+LED,쉘터(거치형),,,,,,,,
720,오정,고강동,13156,수주로.수주초등학교,LED,쉘터(거치형),,,,,,,,
721,오정,고강동,13157,고강동.국민은행,LCD+LED,쉘터(거치형),,,,,,,,
722,오정,고강동,13158,수주초등학교,LED,독립형,,,,,,,,
723,오정,고강동,13160,고강동우체국,LED,독립형,,,,,,,,
724,오정,고강동,13161,고강동우체국,LED,표지판일체형,,,,,,,,
725,오정,고강동,13165,상우아파트.청소년문화의집,LCD,독립형,,,,,,,,
726,오정,고강동,13168,청실빌라,LED,독립형,,,,,,,,
727,오정,고강동,13169,새보미아파트.고리울동굴시장,LED,쉘터(독립형),,,,,,,,
728,오정,고강동,13170,새보미아파트.고리울동굴시장,LED,표지판,,,,,,,,
729,오정,고강동,13171,진영아파트,LED,독립형,,,,,,,,
730,오정,고강동,13172,남정빌라,LCD,독립형,,,,,,,,
731,오정,고강동,13173,남정빌라,LED,독립형,,,,,,,,
732,오정,고강동,13174,진영아파트,LED,독립형,,,,,,,,
733,오정,원종동,13175,원종하이트,LED,쉘터(거치형),,,,,,,,
734,오정,원종동,13177,고강시장입구,LED,표지판,,,,,,,,
735,오정,고강동,13178,고강시장입구,LED,표지판,,,,,,,,
736,오정,원종동,13179,밝은비젼의원,LED,쉘터(거치형),,,,,,,,
737,오정,고강동,13180,밝은비젼의원,LED,쉘터(거치형),,,,,,,,
738,오정,원종동,13181,삼화연립주택,LED,쉘터(거치형),,,,,,,,
739,오정,고강동,13182,삼화연립주택,LED,쉘터(거치형),,,,,,,,
740,오정,원종동,13183,동신주택,LED,쉘터(거치형),,,,,,,,
741,오정,고강동,13184,유림빌라,LED,쉘터(거치형),,,,,,,,
742,오정,원종동,13185,은데미공원,LED,표지판,,,,,,,,
743,오정,성곡동,13186,은데미공원,LED,표지판,,,,,,,,
744,오정,성곡동,13187,로얄아파트,LED,쉘터(거치형),,,,,,,,
745,오정,작동,13188,까치울역3번출구,LED,쉘터(거치형),,,,,,,,
746,오정,성곡동,13189,로얄아파트,LED,표지판,,,,,,,,
747,오정,작동35,13193,작동로터리,LED,표지판일체형,,,,,,,,
748,오정,작동,13196,로얄아파트,LED,쉘터(거치형),,,,,,,,
749,오정,원종동,13208,원종동금호어울림,LED,쉘터(거치형),,,,,,,,
750,오정,원종2동,13209,원종주공아파트,LED,표지판일체형,,,,,,,,
751,오정,원종2동,13210,원종고등학교,LED,독립형,,,,,,,,
752,오정,고강동,13211,수주중학교,LED,독립형,,,,,,,,
753,오정,고강동,13212,동원아파트,LED,독립형,,,,,,,,
754,오정,고강동,13213,동원아파트,LED,독립형,,,,,,,,
755,오정,삼정동,13218,부천테크노파크1.2단지,LED,쉘터(거치형),,,,,,,,
756,오정,삼정동,13219,부천테크노파크1단지,LCD,쉘터(독립형),,,,,,,,
757,오정,신흥동,13220,부천자동차검사소,LED,쉘터(거치형),,,,,,,,
758,오정,성곡동,13221,원종종합시장,LED,표지판일체형,,,,,,,,
759,오정,고강동,13223,청실빌라,LED,쉘터(거치형),,,,,,,,
760,오정,오정동,13224,휴먼시아3단지,LCD,독립형,,,,,,,,
761,오정,고강동,13229,삼거리,LED,독립형,,,,,,,,
762,오정,원종2동,13234,원종주공아파트,LED,독립형,,,,,,,,
763,오정,원종2동,13235,원종동금호어울림,LED,독립형,,,,,,,,
764,오정,고강동,13237,삼거리.고강아파트입구,LED,독립형,,,,,,,,
765,오정,여월동,13248,여월휴먼시아1단지.까치울중학교,LED,쉘터(거치형),,,,,,,,
766,오정,성곡동 ,13249,여월휴먼시아1단지.까치울중학교,LCD,쉘터(독립형),,,,,,,,
767,오정,작동,13250,여월휴먼시아3단지,LED,쉘터(거치형),,,,,,,,
768,오정,작동,13251,여월휴먼시아3단지,LCD,쉘터(독립형),,,,,,,,
769,오정,작동,13252,여월단독주택,LED,쉘터(거치형),,,,,,,,
770,오정,작동,13253,여월단독주택,LCD,독립형,,,,,,,,
771,오정,여월동,13254,여월휴먼시아2.3단지,LED,쉘터(거치형),,,,,,,,
772,오정,여월동,13255,여월휴먼시아2.3단지,LED,쉘터(거치형),,,,,,,,
773,오정,여월동,13256,여월휴먼시아4.5단지,LCD,쉘터(독립형),,,,,,,,
774,오정,여월동,13257,여월휴먼시아4.5단지,LCD,쉘터(독립형),,,,,,,,
775,오정,신흥동,13262,쌍용3차.부천아트벙커B39,LCD,쉘터(독립형),,,,,,,,
776,오정,삼정동,13263,쌍용3차.부천아트벙커B39,LCD,독립형,,,,,,,,
777,오정,삼정동,13264,제일주유소,LCD,독립형,,,,,,,,
778,오정,고강동,13284,고강아파트,LED,표지판,,,,,,,,
779,오정,고강동,13286,민속가든,LED,표지판,,,,,,,,
780,오정,고강동,13290,수주고등학교,LED,쉘터(거치형),,,,,,,,
781,오정,내동,13292,KEB하나은행도당동지점,LED,독립형,,,,,,,,
782,오정,내동,13293,도당사거리,LED,독립형,,,,,,,,
783,오정,내동,13294,도당사거리.도당중학교,LCD,쉘터(독립형),,,,,,,,
784,오정,성곡동,13295,부천종합운동장역4번출구,LCD+LED,쉘터(거치형),,,,,,,,
785,오정,성곡동,13296,부천종합운동장역5번출구,LCD+LED,쉘터(거치형),,,,,,,,
786,원미,춘의동,13297,부천종합운동장역,LCD,쉘터(독립형),,,,,,,,
787,오정,성곡동2,13298,부천상록학교.은행나무주유소,LCD,쉘터(독립형),,,,,,,,
788,오정,작동,13299,까치울역5번출구.까치울전원마을3.4단지,LED,쉘터(거치형),,,,,,,,
789,오정,작동,13301,까치울역4번출구.까치울전원마을3.4단지,LED,쉘터(거치형),,,,,,,,
790,오정,신흥동,13302,부천테크노파크3단지301동앞,LCD,독립형,,,,,,,,
791,오정,내동,13303,도당소공원,LCD,쉘터(독립형),,,,,,,,
792,오정,삼정동,13304,제일주유소,LCD,독립형,,,,,,,,
793,오정,삼정동,13305,삼정동중소기업협동화단지,LED,독립형,,,,,,,,
794,오정,성곡동,13306,원종종합시장,LCD,독립형,,,,,,,,
795,오정,작동,13307,신작동사거리,LED,표지판일체형,,,,,,,,
796,오정,성곡동,13309,롯데아파트,LED,독립형,,,,,,,,
797,오정,성곡동,13310,롯데아파트,LED,독립형,,,,,,,,
798,오정,작동,13311,복지교회.여월성당,LED,표지판일체형,,,,,,,,
799,오정,작동,13313,복지교회.여월성당,LED,표지판,,,,,,,,
800,오정,삼정동,13317,신흥시장입구,LED,독립형,,,,,,,,
801,오정,성곡동,13325,여월휴먼시아1단지,LED,쉘터(거치형),,,,,,,,
802,오정,내동 2,57010,약대사거리(파라다이스앞),LED,쉘터(거치형),,,,,,,,
803,오정,여월동,13333,오정경찰서.부천옹기박물관,LED,쉘터(거치형),,,,,,,,
804,오정,내동,13334,부천IC,LED,쉘터(거치형),,,,,,,,
805,오정,오정동,13341,휴먼시아3단지,LED,표지판일체형,,,,,,,,
806,오정,원종동,57047,원종IC(중),LCD,쉘터(거치형),,,,,,,,
807,오정,원종동,57046,원종IC(중),LCD,쉘터(거치형),,,,,,,,
808,오정,오정동,57045,오정휴먼시아(중),LCD,쉘터(거치형),,,,,,,,
809,오정,오정동,57044,오정휴먼시아(중),LCD,쉘터(거치형),,,,,,,,
810,오정,오정동,57043,부천오정물류단지(중),LCD,쉘터(거치형),,,,,,,,
811,오정,오정동,57042,부천오정물류단지(중),LCD,쉘터(거치형),,,,,,,,
812,오정,원종2동,13355,백산빌라,LED,표지판,,,,,,,,
813,오정,고강동,13356,백산빌라,LED,독립형,,,,,,,,
814,소사,옥길동,12465,옥길브리즈힐후문,LED,쉘터(거치형),,,,,,,,
815,소사,옥길동,12192,스타필드시티부천,LCD+LED,쉘터(거치형),,,,,,,,
816,소사,옥길동,11566,제이드카운티1단지,LED,쉘터(거치형),,,,,,,,
817,소사,옥길동,12131,옥길자이아파트,LED,쉘터(거치형),,,,,,,,
,,,,,,,,,,,,,,
,,,,,,,,,,,,,,
,,,,,,,,,,,,,,
,,,,,,,,,,,,,,
,,,,,,,,,,,,,,
,,,,,,,,,,,,,,
,,,,,,,,,,,,,,
,,,,,,,,,,,,,,
,,,,,,,,,,,,,,
,,,,,,,,,,,,,,
,,,,,,,,,,,,,,
,,,,,,,,,,,,,,
,,,,,,,,,,,,,,
,,,,,,,,,,,,,,
,,,,,,,,,,,,,,
,,,,,,,,,,,,,,
,,,,,,,,,,,,,,
,,,,,,,,,,,,,,
,,,,,,,,,,,,,,
,,,,,,,,,,,,,,
,,,,,,,,,,,,,,
,,,,,,,,,,,,,,
,,,,,,,,,,,,,,
,,,,,,,,,,,,,,
,,,,,,,,,,,,,,
,,,,,,,,,,,,,,
,,,,,,,,,,,,,,
,,,,,,,,,,,,,,
,,,,,,,,,,,,,,
,,,,,,,,,,,,,,
,,,,,,,,,,,,,,
,,,,,,,,,,,,,,
,,,,,,,,,,,,,,
,,,,,,,,,,,,,,
,,,,,,,,,,,,,,
,,,,,,,,,,,,,,
,,,,,,,,,,,,,,
,,,,,,,,,,,,,,
,,,,,,,,,,,,,,
,,,,,,,,,,,,,,
,,,,,,,,,,,,,,
,,,,,,,,,,,,,,
,,,,,,,,,,,,,,
,,,,,,,,,,,,,,
,,,,,,,,,,,,,,
,,,,,,,,,,,,,,
,,,,,,,,,,,,,,
,,,,,,,,,,,,,,
,,,,,,,,,,,,,,
,,,,,,,,,,,,,,
,,,,,,,,,,,,,,
,,,,,,,,,,,,,,
,,,,,,,,,,,,,,
,,,,,,,,,,,,,,
,,,,,,,,,,,,,,
,,,,,,,,,,,,,,
,,,,,,,,,,,,,,
,,,,,,,,,,,,,,
,,,,,,,,,,,,,,
,,,,,,,,,,,,,,
,,,,,,,,,,,,,,
,,,,,,,,,,,,,,
,,,,,,,,,,,,,,
,,,,,,,,,,,,,,
,,,,,,,,,,,,,,
,,,,,,,,,,,,,,
,,,,,,,,,,,,,,
,,,,,,,,,,,,,,
,,,,,,,,,,,,,,
,,,,,,,,,,,,,,
,,,,,,,,,,,,,,
,,,,,,,,,,,,,,
,,,,,,,,,,,,,,
,,,,,,,,,,,,,,
,,,,,,,,,,,,,,
,,,,,,,,,,,,,,
,,,,,,,,,,,,,,
,,,,,,,,,,,,,,
,,,,,,,,,,,,,,
,,,,,,,,,,,,,,
,,,,,,,,,,,,,,
,,,,,,,,,,,,,,
,,,,,,,,,,,,,,
,,,,,,,,,,,,,,
,,,,,,,,,,,,,,
,,,,,,,,,,,,,,
,,,,,,,,,,,,,,
,,,,,,,,,,,,,,
,,,,,,,,,,,,,,
,,,,,,,,,,,,,,
,,,,,,,,,,,,,,
,,,,,,,,,,,,,,
,,,,,,,,,,,,,,
,,,,,,,,,,,,,,
,,,,,,,,,,,,,,
,,,,,,,,,,,,,,
,,,,,,,,,,,,,,
,,,,,,,,,,,,,,
,,,,,,,,,,,,,,
,,,,,,,,,,,,,,
,,,,,,,,,,,,,,
,,,,,,,,,,,,,,
,,,,,,,,,,,,,,
,,,,,,,,,,,,,,
,,,,,,,,,,,,,,
,,,,,,,,,,,,,,
,,,,,,,,,,,,,,
,,,,,,,,,,,,,,
,,,,,,,,,,,,,,
,,,,,,,,,,,,,,
,,,,,,,,,,,,,,
,,,,,,,,,,,,,,
,,,,,,,,,,,,,,
,,,,,,,,,,,,,,
,,,,,,,,,,,,,,
,,,,,,,,,,,,,,
,,,,,,,,,,,,,,
,,,,,,,,,,,,,,
,,,,,,,,,,,,,,
,,,,,,,,,,,,,,
,,,,,,,,,,,,,,
,,,,,,,,,,,,,,
,,,,,,,,,,,,,,
,,,,,,,,,,,,,,
,,,,,,,,,,,,,,
,,,,,,,,,,,,,,
,,,,,,,,,,,,,,
,,,,,,,,,,,,,,
,,,,,,,,,,,,,,
,,,,,,,,,,,,,,
,,,,,,,,,,,,,,
,,,,,,,,,,,,,,
,,,,,,,,,,,,,,
,,,,,,,,,,,,,,
,,,,,,,,,,,,,,
,,,,,,,,,,,,,,
,,,,,,,,,,,,,,
,,,,,,,,,,,,,,
,,,,,,,,,,,,,,
,,,,,,,,,,,,,,
,,,,,,,,,,,,,,
,,,,,,,,,,,,,,
,,,,,,,,,,,,,,
,,,,,,,,,,,,,,
,,,,,,,,,,,,,,
,,,,,,,,,,,,,,
,,,,,,,,,,,,,,
,,,,,,,,,,,,,,
,,,,,,,,,,,,,,
,,,,,,,,,,,,,,
,,,,,,,,,,,,,,
,,,,,,,,,,,,,,
,,,,,,,,,,,,,,
,,,,,,,,,,,,,,
,,,,,,,,,,,,,,
,,,,,,,,,,,,,,
,,,,,,,,,,,,,,
,,,,,,,,,,,,,,
,,,,,,,,,,,,,,
,,,,,,,,,,,,,,
,,,,,,,,,,,,,,
,,,,,,,,,,,,,,
,,,,,,,,,,,,,,
,,,,,,,,,,,,,,
,,,,,,,,,,,,,,
,,,,,,,,,,,,,,
,,,,,,,,,,,,,,
,,,,,,,,,,,,,,
,,,,,,,,,,,,,,
,,,,,,,,,,,,,,
,,,,,,,,,,,,,,
,,,,,,,,,,,,,,
,,,,,,,,,,,,,,
,,,,,,,,,,,,,,
,,,,,,,,,,,,,,
,,,,,,,,,,,,,,
,,,,,,,,,,,,,,
,,,,,,,,,,,,,,
,,,,,,,,,,,,,,
,,,,,,,,,,,,,,
,,,,,,,,,,,,,,
,,,,,,,,,,,,,,
,,,,,,,,,,,,,,
,,,,,,,,,,,,,,
,,,,,,,,,,,,,,
,,,,,,,,,,,,,,
,,,,,,,,,,,,,,
,,,,,,,,,,,,,,
,,,,,,,,,,,,,,
,,,,,,,,,,,,,,
,,,,,,,,,,,,,,
,,,,,,,,,,,,,,
,,,,,,,,,,,,,,
,,,,,,,,,,,,,,
,,,,,,,,,,,,,,
,,,,,,,,,,,,,,
,,,,,,,,,,,,,,
,,,,,,,,,,,,,,
,,,,,,,,,,,,,,
,,,,,,,,,,,,,,
,,,,,,,,,,,,,,
,,,,,,,,,,,,,,
,,,,,,,,,,,,,,
,,,,,,,,,,,,,,
,,,,,,,,,,,,,,
,,,,,,,,,,,,,,
,,,,,,,,,,,,,,
,,,,,,,,,,,,,,
,,,,,,,,,,,,,,
,,,,,,,,,,,,,,
,,,,,,,,,,,,,,
,,,,,,,,,,,,,,
,,,,,,,,,,,,,,
,,,,,,,,,,,,,,
,,,,,,,,,,,,,,
,,,,,,,,,,,,,,
,,,,,,,,,,,,,,
,,,,,,,,,,,,,,
,,,,,,,,,,,,,,
,,,,,,,,,,,,,,
,,,,,,,,,,,,,,
,,,,,,,,,,,,,,
,,,,,,,,,,,,,,
,,,,,,,,,,,,,,
,,,,,,,,,,,,,,
,,,,,,,,,,,,,,
,,,,,,,,,,,,,,
,,,,,,,,,,,,,,
,,,,,,,,,,,,,,
,,,,,,,,,,,,,,
,,,,,,,,,,,,,,
,,,,,,,,,,,,,,
,,,,,,,,,,,,,,
,,,,,,,,,,,,,,
,,,,,,,,,,,,,,
,,,,,,,,,,,,,,
,,,,,,,,,,,,,,
,,,,,,,,,,,,,,
,,,,,,,,,,,,,,
,,,,,,,,,,,,,,
,,,,,,,,,,,,,,
,,,,,,,,,,,,,,
,,,,,,,,,,,,,,
,,,,,,,,,,,,,,
,,,,,,,,,,,,,,
,,,,,,,,,,,,,,
,,,,,,,,,,,,,,
,,,,,,,,,,,,,,
,,,,,,,,,,,,,,
,,,,,,,,,,,,,,
,,,,,,,,,,,,,,
,,,,,,,,,,,,,,
,,,,,,,,,,,,,,
,,,,,,,,,,,,,,
,,,,,,,,,,,,,,
,,,,,,,,,,,,,,
,,,,,,,,,,,,,,
,,,,,,,,,,,,,,
,,,,,,,,,,,,,,
,,,,,,,,,,,,,,
,,,,,,,,,,,,,,
,,,,,,,,,,,,,,
,,,,,,,,,,,,,,
,,,,,,,,,,,,,,
,,,,,,,,,,,,,,
,,,,,,,,,,,,,,
,,,,,,,,,,,,,,
,,,,,,,,,,,,,,
,,,,,,,,,,,,,,
,,,,,,,,,,,,,,
,,,,,,,,,,,,,,
,,,,,,,,,,,,,,
,,,,,,,,,,,,,,
,,,,,,,,,,,,,,
,,,,,,,,,,,,,,
,,,,,,,,,,,,,,
,,,,,,,,,,,,,,
,,,,,,,,,,,,,,
,,,,,,,,,,,,,,
,,,,,,,,,,,,,,
,,,,,,,,,,,,,,
,,,,,,,,,,,,,,
,,,,,,,,,,,,,,
,,,,,,,,,,,,,,
,,,,,,,,,,,,,,
,,,,,,,,,,,,,,
,,,,,,,,,,,,,,
,,,,,,,,,,,,,,
,,,,,,,,,,,,,,
,,,,,,,,,,,,,,
,,,,,,,,,,,,,,
,,,,,,,,,,,,,,
,,,,,,,,,,,,,,
,,,,,,,,,,,,,,
,,,,,,,,,,,,,,
,,,,,,,,,,,,,,
,,,,,,,,,,,,,,
,,,,,,,,,,,,,,
,,,,,,,,,,,,,,
,,,,,,,,,,,,,,
,,,,,,,,,,,,,,
,,,,,,,,,,,,,,
,,,,,,,,,,,,,,
,,,,,,,,,,,,,,
,,,,,,,,,,,,,,
,,,,,,,,,,,,,,
,,,,,,,,,,,,,,
,,,,,,,,,,,,,,
,,,,,,,,,,,,,,
,,,,,,,,,,,,,,
,,,,,,,,,,,,,,
,,,,,,,,,,,,,,
,,,,,,,,,,,,,,
,,,,,,,,,,,,,,
,,,,,,,,,,,,,,
,,,,,,,,,,,,,,
,,,,,,,,,,,,,,
,,,,,,,,,,,,,,
,,,,,,,,,,,,,,
,,,,,,,,,,,,,,
,,,,,,,,,,,,,,
,,,,,,,,,,,,,,
,,,,,,,,,,,,,,
,,,,,,,,,,,,,,
,,,,,,,,,,,,,,
,,,,,,,,,,,,,,
,,,,,,,,,,,,,,
,,,,,,,,,,,,,,
,,,,,,,,,,,,,,
,,,,,,,,,,,,,,
,,,,,,,,,,,,,,
,,,,,,,,,,,,,,
,,,,,,,,,,,,,,
,,,,,,,,,,,,,,
,,,,,,,,,,,,,,
,,,,,,,,,,,,,,
,,,,,,,,,,,,,,
,,,,,,,,,,,,,,
,,,,,,,,,,,,,,
,,,,,,,,,,,,,,
,,,,,,,,,,,,,,
,,,,,,,,,,,,,,
,,,,,,,,,,,,,,
,,,,,,,,,,,,,,
,,,,,,,,,,,,,,
,,,,,,,,,,,,,,
,,,,,,,,,,,,,,
,,,,,,,,,,,,,,
,,,,,,,,,,,,,,
,,,,,,,,,,,,,,
,,,,,,,,,,,,,,
,,,,,,,,,,,,,,
,,,,,,,,,,,,,,
,,,,,,,,,,,,,,
,,,,,,,,,,,,,,
,,,,,,,,,,,,,,
,,,,,,,,,,,,,,
,,,,,,,,,,,,,,
,,,,,,,,,,,,,,
,,,,,,,,,,,,,,
,,,,,,,,,,,,,,
,,,,,,,,,,,,,,
,,,,,,,,,,,,,,
,,,,,,,,,,,,,,
,,,,,,,,,,,,,,
,,,,,,,,,,,,,,
,,,,,,,,,,,,,,
,,,,,,,,,,,,,,
,,,,,,,,,,,,,,
,,,,,,,,,,,,,,
,,,,,,,,,,,,,,
,,,,,,,,,,,,,,
,,,,,,,,,,,,,,
,,,,,,,,,,,,,,
,,,,,,,,,,,,,,
,,,,,,,,,,,,,,
,,,,,,,,,,,,,,
,,,,,,,,,,,,,,
,,,,,,,,,,,,,,
,,,,,,,,,,,,,,
,,,,,,,,,,,,,,
,,,,,,,,,,,,,,
,,,,,,,,,,,,,,
,,,,,,,,,,,,,,
,,,,,,,,,,,,,,
,,,,,,,,,,,,,,
,,,,,,,,,,,,,,
,,,,,,,,,,,,,,
,,,,,,,,,,,,,,
,,,,,,,,,,,,,,
,,,,,,,,,,,,,,
,,,,,,,,,,,,,,
,,,,,,,,,,,,,,
,,,,,,,,,,,,,,
,,,,,,,,,,,,,,
,,,,,,,,,,,,,,
,,,,,,,,,,,,,,
,,,,,,,,,,,,,,
,,,,,,,,,,,,,,
,,,,,,,,,,,,,,
,,,,,,,,,,,,,,
,,,,,,,,,,,,,,
,,,,,,,,,,,,,,
,,,,,,,,,,,,,,
,,,,,,,,,,,,,,
,,,,,,,,,,,,,,
,,,,,,,,,,,,,,
,,,,,,,,,,,,,,
,,,,,,,,,,,,,,
,,,,,,,,,,,,,,
,,,,,,,,,,,,,,
,,,,,,,,,,,,,,
,,,,,,,,,,,,,,
,,,,,,,,,,,,,,
,,,,,,,,,,,,,,
,,,,,,,,,,,,,,
,,,,,,,,,,,,,,
,,,,,,,,,,,,,,
,,,,,,,,,,,,,,
,,,,,,,,,,,,,,
,,,,,,,,,,,,,,
,,,,,,,,,,,,,,
,,,,,,,,,,,,,,
,,,,,,,,,,,,,,
,,,,,,,,,,,,,,
,,,,,,,,,,,,,,
,,,,,,,,,,,,,,
,,,,,,,,,,,,,,
,,,,,,,,,,,,,,
,,,,,,,,,,,,,,
,,,,,,,,,,,,,,
,,,,,,,,,,,,,,
,,,,,,,,,,,,,,
,,,,,,,,,,,,,,
,,,,,,,,,,,,,,
,,,,,,,,,,,,,,
,,,,,,,,,,,,,,
,,,,,,,,,,,,,,
,,,,,,,,,,,,,,
,,,,,,,,,,,,,,
,,,,,,,,,,,,,,
,,,,,,,,,,,,,,
,,,,,,,,,,,,,,
,,,,,,,,,,,,,,
,,,,,,,,,,,,,,
,,,,,,,,,,,,,,
,,,,,,,,,,,,,,
,,,,,,,,,,,,,,
,,,,,,,,,,,,,,
,,,,,,,,,,,,,,
,,,,,,,,,,,,,,
,,,,,,,,,,,,,,
,,,,,,,,,,,,,,
,,,,,,,,,,,,,,
,,,,,,,,,,,,,,
,,,,,,,,,,,,,,
,,,,,,,,,,,,,,
,,,,,,,,,,,,,,
,,,,,,,,,,,,,,
,,,,,,,,,,,,,,
,,,,,,,,,,,,,,
,,,,,,,,,,,,,,
,,,,,,,,,,,,,,
,,,,,,,,,,,,,,
,,,,,,,,,,,,,,
,,,,,,,,,,,,,,
,,,,,,,,,,,,,,
,,,,,,,,,,,,,,
,,,,,,,,,,,,,,
,,,,,,,,,,,,,,
,,,,,,,,,,,,,,
,,,,,,,,,,,,,,
,,,,,,,,,,,,,,
,,,,,,,,,,,,,,
,,,,,,,,,,,,,,
,,,,,,,,,,,,,,
,,,,,,,,,,,,,,
,,,,,,,,,,,,,,
,,,,,,,,,,,,,,
,,,,,,,,,,,,,,
,,,,,,,,,,,,,,
,,,,,,,,,,,,,,
,,,,,,,,,,,,,,
,,,,,,,,,,,,,,
,,,,,,,,,,,,,,
,,,,,,,,,,,,,,
,,,,,,,,,,,,,,
,,,,,,,,,,,,,,
,,,,,,,,,,,,,,
,,,,,,,,,,,,,,
,,,,,,,,,,,,,,
,,,,,,,,,,,,,,
,,,,,,,,,,,,,,
,,,,,,,,,,,,,,
,,,,,,,,,,,,,,
,,,,,,,,,,,,,,
,,,,,,,,,,,,,,
,,,,,,,,,,,,,,
,,,,,,,,,,,,,,
,,,,,,,,,,,,,,
,,,,,,,,,,,,,,
,,,,,,,,,,,,,,
,,,,,,,,,,,,,,
,,,,,,,,,,,,,,
,,,,,,,,,,,,,,
,,,,,,,,,,,,,,
,,,,,,,,,,,,,,
,,,,,,,,,,,,,,
,,,,,,,,,,,,,,
,,,,,,,,,,,,,,
,,,,,,,,,,,,,,
,,,,,,,,,,,,,,
,,,,,,,,,,,,,,
,,,,,,,,,,,,,,
,,,,,,,,,,,,,,
,,,,,,,,,,,,,,
,,,,,,,,,,,,,,
,,,,,,,,,,,,,,
,,,,,,,,,,,,,,
,,,,,,,,,,,,,,
,,,,,,,,,,,,,,
,,,,,,,,,,,,,,
,,,,,,,,,,,,,,
,,,,,,,,,,,,,,
,,,,,,,,,,,,,,
,,,,,,,,,,,,,,
,,,,,,,,,,,,,,
,,,,,,,,,,,,,,
,,,,,,,,,,,,,,
,,,,,,,,,,,,,,
,,,,,,,,,,,,,,
,,,,,,,,,,,,,,
,,,,,,,,,,,,,,
,,,,,,,,,,,,,,
,,,,,,,,,,,,,,
,,,,,,,,,,,,,,
,,,,,,,,,,,,,,
,,,,,,,,,,,,,,
,,,,,,,,,,,,,,
,,,,,,,,,,,,,,
,,,,,,,,,,,,,,
,,,,,,,,,,,,,,
,,,,,,,,,,,,,,
,,,,,,,,,,,,,,
,,,,,,,,,,,,,,
,,,,,,,,,,,,,,
,,,,,,,,,,,,,,
,,,,,,,,,,,,,,
,,,,,,,,,,,,,,
,,,,,,,,,,,,,,
,,,,,,,,,,,,,,
,,,,,,,,,,,,,,
,,,,,,,,,,,,,,
,,,,,,,,,,,,,,
,,,,,,,,,,,,,,
,,,,,,,,,,,,,,
,,,,,,,,,,,,,,
,,,,,,,,,,,,,,
,,,,,,,,,,,,,,
,,,,,,,,,,,,,,
,,,,,,,,,,,,,,
,,,,,,,,,,,,,,
,,,,,,,,,,,,,,
,,,,,,,,,,,,,,
,,,,,,,,,,,,,,
,,,,,,,,,,,,,,
,,,,,,,,,,,,,,
,,,,,,,,,,,,,,
,,,,,,,,,,,,,,
,,,,,,,,,,,,,,
,,,,,,,,,,,,,,
,,,,,,,,,,,,,,
,,,,,,,,,,,,,,
,,,,,,,,,,,,,,
,,,,,,,,,,,,,,
,,,,,,,,,,,,,,
,,,,,,,,,,,,,,
,,,,,,,,,,,,,,
,,,,,,,,,,,,,,
,,,,,,,,,,,,,,
,,,,,,,,,,,,,,
,,,,,,,,,,,,,,
,,,,,,,,,,,,,,
,,,,,,,,,,,,,,
,,,,,,,,,,,,,,
,,,,,,,,,,,,,,
,,,,,,,,,,,,,,
,,,,,,,,,,,,,,
,,,,,,,,,,,,,,
,,,,,,,,,,,,,,
,,,,,,,,,,,,,,
,,,,,,,,,,,,,,
,,,,,,,,,,,,,,
,,,,,,,,,,,,,,
,,,,,,,,,,,,,,
,,,,,,,,,,,,,,
,,,,,,,,,,,,,,
,,,,,,,,,,,,,,
,,,,,,,,,,,,,,
,,,,,,,,,,,,,,
,,,,,,,,,,,,,,
,,,,,,,,,,,,,,
,,,,,,,,,,,,,,
,,,,,,,,,,,,,,
,,,,,,,,,,,,,,
,,,,,,,,,,,,,,
,,,,,,,,,,,,,,
,,,,,,,,,,,,,,
,,,,,,,,,,,,,,
,,,,,,,,,,,,,,
,,,,,,,,,,,,,,
,,,,,,,,,,,,,,
,,,,,,,,,,,,,,
,,,,,,,,,,,,,,
,,,,,,,,,,,,,,
,,,,,,,,,,,,,,
,,,,,,,,,,,,,,
,,,,,,,,,,,,,,
,,,,,,,,,,,,,,
,,,,,,,,,,,,,,
,,,,,,,,,,,,,,
,,,,,,,,,,,,,,
,,,,,,,,,,,,,,
,,,,,,,,,,,,,,
,,,,,,,,,,,,,,
,,,,,,,,,,,,,,
,,,,,,,,,,,,,,
,,,,,,,,,,,,,,
,,,,,,,,,,,,,,
,,,,,,,,,,,,,,
,,,,,,,,,,,,,,
,,,,,,,,,,,,,,
,,,,,,,,,,,,,,
,,,,,,,,,,,,,,
,,,,,,,,,,,,,,
,,,,,,,,,,,,,,
,,,,,,,,,,,,,,
,,,,,,,,,,,,,,
,,,,,,,,,,,,,,
,,,,,,,,,,,,,,
,,,,,,,,,,,,,,
,,,,,,,,,,,,,,
,,,,,,,,,,,,,,
,,,,,,,,,,,,,,
,,,,,,,,,,,,,,
,,,,,,,,,,,,,,
,,,,,,,,,,,,,,
,,,,,,,,,,,,,,
,,,,,,,,,,,,,,
,,,,,,,,,,,,,,
,,,,,,,,,,,,,,
,,,,,,,,,,,,,,
,,,,,,,,,,,,,,
,,,,,,,,,,,,,,
,,,,,,,,,,,,,,
,,,,,,,,,,,,,,
,,,,,,,,,,,,,,
,,,,,,,,,,,,,,
,,,,,,,,,,,,,,
,,,,,,,,,,,,,,
,,,,,,,,,,,,,,
,,,,,,,,,,,,,,
,,,,,,,,,,,,,,
,,,,,,,,,,,,,,
,,,,,,,,,,,,,,
,,,,,,,,,,,,,,
,,,,,,,,,,,,,,
,,,,,,,,,,,,,,
,,,,,,,,,,,,,,
,,,,,,,,,,,,,,
,,,,,,,,,,,,,,
,,,,,,,,,,,,,,
,,,,,,,,,,,,,,
,,,,,,,,,,,,,,
,,,,,,,,,,,,,,
,,,,,,,,,,,,,,
,,,,,,,,,,,,,,
,,,,,,,,,,,,,,
,,,,,,,,,,,,,,
,,,,,,,,,,,,,,
,,,,,,,,,,,,,,
,,,,,,,,,,,,,,
,,,,,,,,,,,,,,
,,,,,,,,,,,,,,
,,,,,,,,,,,,,,
,,,,,,,,,,,,,,
,,,,,,,,,,,,,,
,,,,,,,,,,,,,,
,,,,,,,,,,,,,,
,,,,,,,,,,,,,,
,,,,,,,,,,,,,,
,,,,,,,,,,,,,,
,,,,,,,,,,,,,,
,,,,,,,,,,,,,,
,,,,,,,,,,,,,,
,,,,,,,,,,,,,,
,,,,,,,,,,,,,,
,,,,,,,,,,,,,,
,,,,,,,,,,,,,,
,,,,,,,,,,,,,,
,,,,,,,,,,,,,,
,,,,,,,,,,,,,,
,,,,,,,,,,,,,,
,,,,,,,,,,,,,,
,,,,,,,,,,,,,,
,,,,,,,,,,,,,,
,,,,,,,,,,,,,,
,,,,,,,,,,,,,,
,,,,,,,,,,,,,,
,,,,,,,,,,,,,,
,,,,,,,,,,,,,,
,,,,,,,,,,,,,,
,,,,,,,,,,,,,,
,,,,,,,,,,,,,,
,,,,,,,,,,,,,,
,,,,,,,,,,,,,,
,,,,,,,,,,,,,,
,,,,,,,,,,,,,,
,,,,,,,,,,,,,,
,,,,,,,,,,,,,,
,,,,,,,,,,,,,,
,,,,,,,,,,,,,,
,,,,,,,,,,,,,,
,,,,,,,,,,,,,,
,,,,,,,,,,,,,,
,,,,,,,,,,,,,,
,,,,,,,,,,,,,,
,,,,,,,,,,,,,,
,,,,,,,,,,,,,,
,,,,,,,,,,,,,,
,,,,,,,,,,,,,,
,,,,,,,,,,,,,,
,,,,,,,,,,,,,,
,,,,,,,,,,,,,,
,,,,,,,,,,,,,,
,,,,,,,,,,,,,,
,,,,,,,,,,,,,,
,,,,,,,,,,,,,,
,,,,,,,,,,,,,,
,,,,,,,,,,,,,,
,,,,,,,,,,,,,,
,,,,,,,,,,,,,,
,,,,,,,,,,,,,,
,,,,,,,,,,,,,,
,,,,,,,,,,,,,,
,,,,,,,,,,,,,,
,,,,,,,,,,,,,,
,,,,,,,,,,,,,,
,,,,,,,,,,,,,,
,,,,,,,,,,,,,,
,,,,,,,,,,,,,,
,,,,,,,,,,,,,,
,,,,,,,,,,,,,,
,,,,,,,,,,,,,,
,,,,,,,,,,,,,,
,,,,,,,,,,,,,,
,,,,,,,,,,,,,,
,,,,,,,,,,,,,,
,,,,,,,,,,,,,,
,,,,,,,,,,,,,,
,,,,,,,,,,,,,,
,,,,,,,,,,,,,,
,,,,,,,,,,,,,,
,,,,,,,,,,,,,,
,,,,,,,,,,,,,,
,,,,,,,,,,,,,,
,,,,,,,,,,,,,,
,,,,,,,,,,,,,,
,,,,,,,,,,,,,,
,,,,,,,,,,,,,,
,,,,,,,,,,,,,,
,,,,,,,,,,,,,,
,,,,,,,,,,,,,,
,,,,,,,,,,,,,,
,,,,,,,,,,,,,,
,,,,,,,,,,,,,,
,,,,,,,,,,,,,,
,,,,,,,,,,,,,,
,,,,,,,,,,,,,,
,,,,,,,,,,,,,,
,,,,,,,,,,,,,,
,,,,,,,,,,,,,,
,,,,,,,,,,,,,,
,,,,,,,,,,,,,,
,,,,,,,,,,,,,,
,,,,,,,,,,,,,,
,,,,,,,,,,,,,,
,,,,,,,,,,,,,,
,,,,,,,,,,,,,,
,,,,,,,,,,,,,,
,,,,,,,,,,,,,,
,,,,,,,,,,,,,,
,,,,,,,,,,,,,,
,,,,,,,,,,,,,,
,,,,,,,,,,,,,,
,,,,,,,,,,,,,,
,,,,,,,,,,,,,,
,,,,,,,,,,,,,,
,,,,,,,,,,,,,,
,,,,,,,,,,,,,,
,,,,,,,,,,,,,,
,,,,,,,,,,,,,,
,,,,,,,,,,,,,,
,,,,,,,,,,,,,,
,,,,,,,,,,,,,,
,,,,,,,,,,,,,,
,,,,,,,,,,,,,,
,,,,,,,,,,,,,,
,,,,,,,,,,,,,,
,,,,,,,,,,,,,,
,,,,,,,,,,,,,,
,,,,,,,,,,,,,,
,,,,,,,,,,,,,,
,,,,,,,,,,,,,,
,,,,,,,,,,,,,,
,,,,,,,,,,,,,,
,,,,,,,,,,,,,,
,,,,,,,,,,,,,,
,,,,,,,,,,,,,,
,,,,,,,,,,,,,,
,,,,,,,,,,,,,,
,,,,,,,,,,,,,,
,,,,,,,,,,,,,,
,,,,,,,,,,,,,,
,,,,,,,,,,,,,,
,,,,,,,,,,,,,,
,,,,,,,,,,,,,,
,,,,,,,,,,,,,,
,,,,,,,,,,,,,,
,,,,,,,,,,,,,,
,,,,,,,,,,,,,,
,,,,,,,,,,,,,,
,,,,,,,,,,,,,,
,,,,,,,,,,,,,,
,,,,,,,,,,,,,,
,,,,,,,,,,,,,,
,,,,,,,,,,,,,,
,,,,,,,,,,,,,,
,,,,,,,,,,,,,,
,,,,,,,,,,,,,,
,,,,,,,,,,,,,,
,,,,,,,,,,,,,,
,,,,,,,,,,,,,,
,,,,,,,,,,,,,,
,,,,,,,,,,,,,,
,,,,,,,,,,,,,,
