자전거대여소명,자전거대여소구분,소재지도로명주소,소재지지번주소,위도,경도,운영시작시각,운영종료시각,휴무일,요금구분,자전거이용요금,자전거보유대수,거치대수,공기주입기비치여부,공기주입기유형,수리대설치여부,관리기관전화번호,관리기관명,데이터기준일자
안산대학교,무인대여소,경기도 안산시 상록구 안산대학로 155 ,경기도 안산시 상록구 일동 752,37.309045,126.873635,00:01,24:00,연중무휴,유료,년회원(12개월) 3만원 + 반기회원(6개월) 2만원 + 월회원(30일) 4천원 + 일회원(1일) 천원,20,20,N,,N,1544-6339,안산도시공사,2017-02-24
한양연립,무인대여소,경기도 안산시 단원구 관산5길 26,경기도 안산시 단원구 원곡동 826,37.324586,126.797535,00:01,24:00,연중무휴,유료,년회원(12개월) 3만원 + 반기회원(6개월) 2만원 + 월회원(30일) 4천원 + 일회원(1일) 천원,18,18,N,,N,1544-6339,안산도시공사,2017-02-24
충효입구삼거리,무인대여소,,경기도 안산시 단원구 고잔동 630,37.329361,126.829735,00:01,24:00,연중무휴,유료,년회원(12개월) 3만원 + 반기회원(6개월) 2만원 + 월회원(30일) 4천원 + 일회원(1일) 천원,20,20,N,,N,1544-6339,안산도시공사,2017-02-24
한양대앞역(농수산물 도매시장),무인대여소,경기도 안산시 상록구 충장로 337,경기도 안산시 상록구 이동 211-5,37.310159,126.853641,00:01,24:00,연중무휴,유료,년회원(12개월) 3만원 + 반기회원(6개월) 2만원 + 월회원(30일) 4천원 + 일회원(1일) 천원,20,20,N,,N,1544-6339,안산도시공사,2017-02-24
조각공원,무인대여소,경기도 안산시 상록구 성호로 189,경기도 안산시 상록구 부곡동 741,37.320494,126.857111,00:01,24:00,연중무휴,유료,년회원(12개월) 3만원 + 반기회원(6개월) 2만원 + 월회원(30일) 4천원 + 일회원(1일) 천원,20,20,N,,N,1544-6339,안산도시공사,2017-02-24
화랑유원지 제2주차장,무인대여소,,경기도 안산시 단원구 초지동 617,37.325391,126.809414,00:01,24:00,연중무휴,유료,년회원(12개월) 3만원 + 반기회원(6개월) 2만원 + 월회원(30일) 4천원 + 일회원(1일) 천원,30,30,N,,N,1544-6339,안산도시공사,2017-02-24
신둔천 자전거대여소,유인대여소,,경기도 이천시 송정동 427,37.30259965,127.4391636,10:00,18:00,"매주 월요일, 명절 당일",유료,"1인용: 30분 1,500원 60분 2,000원, 추가 10분당 1,000원2인용 30분 2,000원 60분 3,000원 추가 10분당 1,000원5인승 30분 10,000원 60분 20,000원 추가 10분당 3,000원8인승 30분 15,000원 60분 25,000원 추가 10분당 3,000원1인승전기자전거 30분 7,000원 60분 12,000원 추가 10분당 2,000원2인승 전기자전거 30분 12,000원 60분 20,000원 추가 10분당 2,000원깡통트레일러 30분 6,000원 60분 10,000원 추가10분당 2,000원장애인, 노인 50 할인",100,,Y,수동식,Y,031-631-7874,이천시장애인자립생활센터,2020-07-06
복하천 자전거대여소,유인대여소,경기도 이천시 경충대로2422번길 17,경기도 이천시 진리동 140,37.268432751,127.460353997,10:00,18:00,"매주 월요일, 명절 당일",유료,"1인용: 30분 1,500원 60분 2,000원, 추가 10분당 1,000원2인용 30분 2,000원 60분 3,000원 추가 10분당 1,000원5인승 30분 10,000원 60분 20,000원 추가 10분당 3,000원8인승 30분 15,000원 60분 25,000원 추가 10분당 3,000원1인승전기자전거 30분 7,000원 60분 12,000원 추가 10분당 2,000원2인승 전기자전거 30분 12,000원 60분 20,000원 추가 10분당 2,000원깡통트레일러 30분 6,000원 60분 10,000원 추가10분당 2,000원장애인, 노인 51 할인",101,,Y,수동식,Y,031-631-7875,이천시장애인자립생활센터,2020-07-06
정왕역 공공자전거대여소,유인대여소,경기도 시흥시 마유로418번길 15,경기도 시흥시 정왕동 2325-12번지,37.3517770699,126.7430095453,07:00,20:00,주말 휴무,무료,무료,133,11,Y,기계식,N,031-310-3138,경기도 시흥시청,2020-06-02
월곶역 공공자전거대여소,유인대여소,경기도 시흥시 월곶중앙로14번길 56,경기도 시흥시 월곶동 992-8번지,37.3918137935,126.7427087885,09:00,20:00,"매주 월요일,화요일 휴무",무료,무료,118,,Y,기계식,N,031-310-3138,경기도 시흥시청,2020-06-02
오이도 배디리선착장,무인대여소,,경기도 시흥시 정왕동 2199-1,37.3485030357,126.6952249112,00:00,23:59,연중무휴,무료,무료,17,20,N,,N,031-310-3138,경기도 시흥시청,2020-06-02
오이도 기념공원,무인대여소,,경기도 시흥시 정왕동 2206-6,37.3171918655,126.7208527314,00:00,23:59,연중무휴,무료,무료,15,13,N,,N,031-310-3138,경기도 시흥시청,2020-06-02
옥구2교,무인대여소,경기도 시흥시 옥구공원로 75,경기도 시흥시 정왕동 1852-6번지,37.3510848296,126.7224445987,00:00,23:59,연중무휴,무료,무료,6,10,N,,N,031-310-3138,경기도 시흥시청,2020-06-02
군자2교,무인대여소,경기도 시흥시 옥구공원로 189,경기도 시흥시 정왕동 1733-5번지,37.3447330603,126.7325468027,00:00,23:59,연중무휴,무료,무료,6,10,N,,N,031-310-3138,경기도 시흥시청,2020-06-02
정왕2교,무인대여소,경기도 시흥시 평안상가5길 8,경기도 시흥시 정왕동 1784-2번지,37.3360161421,126.7464640143,00:00,23:59,연중무휴,무료,무료,6,10,N,,N,031-310-3138,경기도 시흥시청,2020-06-02
미관3호광장,무인대여소,경기도 시흥시 정왕대로 218,경기도 시흥시 정왕동 1758번지,37.3458293092,126.7375935864,00:00,23:59,연중무휴,무료,무료,6,10,N,,N,031-310-3138,경기도 시흥시청,2020-06-02
오이도역,무인대여소,,경기도 시흥시 정왕동 876-537,37.3612739222,126.7376153441,00:00,23:59,연중무휴,무료,무료,6,20,N,,N,031-310-3138,경기도 시흥시청,2020-06-02
성저공원 앞,무인대여소,,경기도 고양시 일산서구 대화동 2403,37.681171,126.753147,00:00,00:00,연중 무휴,유료,1회/60분 1천원+1년 6만원+6개월 4만원+3개월 2만원,6,30,Y,기계식,N,031-903-8983,경기도 고양시 에코바이크(주),2020-05-15
일산3동 주민센터 앞,무인대여소,,경기도 고양시 일산서구 일산동 1404,37.678563,126.771008,00:00,00:00,연중 무휴,유료,1회/60분 1천원+1년 6만원+6개월 4만원+3개월 2만원,5,20,Y,기계식,N,031-903-8983,경기도 고양시 에코바이크(주),2020-05-15
한뫼초교 앞,무인대여소,,경기도 고양시 일산서구 일산동 954-69,37.685812,126.766070,00:00,00:00,연중 무휴,유료,1회/60분 1천원+1년 6만원+6개월 4만원+3개월 2만원,12,30,Y,기계식,N,031-903-8983,경기도 고양시 에코바이크(주),2020-05-15
일산동문5차 502동 앞,무인대여소,경기도 고양시 일산서구 일청로35번길 40,경기도 고양시 일산서구 일산동 600-117번지,37.688038,126.769505,00:00,00:00,연중 무휴,유료,1회/60분 1천원+1년 6만원+6개월 4만원+3개월 2만원,9,20,N,,N,031-903-8983,경기도 고양시 에코바이크(주),2020-05-15
동문1차 101동 맞은편,무인대여소,,경기도 고양시 일산서구 탄현동 1621,37.690815,126.768895,00:00,00:00,연중 무휴,유료,1회/60분 1천원+1년 6만원+6개월 4만원+3개월 2만원,15,25,Y,기계식,N,031-903-8983,경기도 고양시 에코바이크(주),2020-05-15
일산역 본일산 방면,무인대여소,경기도 고양시 일산서구 일중로15번길 91,경기도 고양시 일산서구 일산동 655-628번지,37.682798,126.769612,00:00,00:00,연중 무휴,유료,1회/60분 1천원+1년 6만원+6개월 4만원+3개월 2만원,9,30,N,,N,031-903-8983,경기도 고양시 에코바이크(주),2020-05-15
호수공원 (강선17단지 삼거리),무인대여소,경기도 고양시 일산동구 호수로 595,경기도 고양시 일산동구 장항동 906번지,37.653846,126.768781,00:00,00:00,연중 무휴,유료,1회/60분 1천원+1년 6만원+6개월 4만원+3개월 2만원,22,30,N,,N,031-903-8983,경기도 고양시 에코바이크(주),2020-05-15
원당역 앞 공영주차장,무인대여소,경기도 고양시 덕양구 호국로790번길 102,경기도 고양시 덕양구 성사동 394,37.6540844328,126.8410986919,00:00,00:00,연중 무휴,유료,1회/60분 5백원+3개월 1만원,6,30,Y,기계식,N,031-903-8983,경기도 고양시 에코바이크(주),2020-05-15
일산병원 맞은편,무인대여소,,경기도 고양시 일산동구 백석동 1602,37.646197,126.791495,00:00,00:00,연중 무휴,유료,1회/60분 1천원+1년 6만원+6개월 4만원+3개월 2만원,9,25,N,,N,031-903-8983,경기도 고양시 에코바이크(주),2020-05-15
탄현마을8단지,무인대여소,,경기도 고양시 일산서구 탄현동 1513,37.698523,126.765832,00:00,00:00,연중 무휴,유료,1회/60분 1천원+1년 6만원+6개월 4만원+3개월 2만원,15,25,N,,N,031-903-8983,경기도 고양시 에코바이크(주),2020-05-15
삼송역6번 출구,무인대여소,,경기도 고양시 덕양구 삼송동 18-17,37.653127,126.896258,00:00,00:00,연중 무휴,유료,1회/60분 5백원+3개월 1만원,14,25,N,,N,031-903-8983,경기도 고양시 에코바이크(주),2020-05-15
신원도서관,무인대여소,,경기도 고양시 덕양구 신원동 615,37.666539,126.887726,00:00,00:00,연중 무휴,유료,1회/60분 5백원+3개월 1만원,15,20,N,,N,031-903-8983,경기도 고양시 에코바이크(주),2020-05-15
호수공원 제4주차장 뒤,무인대여소,,경기도 고양시 일산동구 장항동 905,37.650304,126.768932,00:00,00:00,연중 무휴,유료,1회/60분 5백원+3개월 1만원,19,30,Y,기계식,N,031-903-8983,경기도 고양시 에코바이크(주),2020-05-15
덕양우체국 건너편,무인대여소,,경기도 고양시 덕양구 화정동 875,37.637660,126.835726,00:00,00:00,연중 무휴,유료,1회/60분 5백원+3개월 1만원,13,30,Y,기계식,N,031-903-8983,경기도 고양시 에코바이크(주),2020-05-15
하이파크3단지 302동앞 버스정류장옆,무인대여소,,경기도 고양시 일산서구 덕이동 361-42,37.699505,126.755059,00:00,00:00,연중 무휴,유료,1회/60분 5백원+3개월 1만원,8,30,N,,N,031-903-8983,경기도 고양시 에코바이크(주),2020-05-15
삼송마을15단지 후문,무인대여소,,경기도 고양시 덕양구 원흥동 669-2,37.651955,126.878055,00:00,00:00,연중 무휴,유료,1회/60분 5백원+3개월 1만원,18,30,N,,N,031-903-8983,경기도 고양시 에코바이크(주),2020-05-15
삼송마을16단지 솔개천,무인대여소,,경기도 고양시 덕양구 원흥동 12-39,37.651431,126.884824,00:00,00:00,연중 무휴,유료,1회/60분 5백원+3개월 1만원,17,25,N,,N,031-903-8983,경기도 고양시 에코바이크(주),2020-05-15
왕산공원 (장성중 뒤),무인대여소,,경기도 고양시 일산서구 대화동 2092,37.681931,126.751525,00:00,00:00,연중 무휴,유료,1회/60분 1천원+1년 6만원+6개월 4만원+3개월 2만원,7,30,N,,N,031-903-8983,경기도 고양시 에코바이크(주),2020-05-15
산들마을 사거리 604동 앞,무인대여소,,경기도 고양시 일산서구 일산동 538-3,37.683161,126.777417,00:00,00:00,연중 무휴,유료,1회/60분 1천원+1년 6만원+6개월 4만원+3개월 2만원,21,30,N,,N,031-903-8983,경기도 고양시 에코바이크(주),2020-05-15
일산역 신도시 방면,무인대여소,,경기도 고양시 일산서구 일산동 1410,37.681708,126.769588,00:00,00:00,연중 무휴,유료,1회/60분 1천원+1년 6만원+6개월 4만원+3개월 2만원,11,25,N,,N,031-903-8983,경기도 고양시 에코바이크(주),2020-05-15
송포동주민센터,무인대여소,경기도 고양시 일산서구 대화1로 77,경기도 고양시 일산서구 대화동 752-7번지,37.671388,126.735204,00:00,00:00,연중 무휴,유료,1회/60분 1천원+1년 6만원+6개월 4만원+3개월 2만원,22,14,Y,기계식,N,031-903-8983,경기도 고양시 에코바이크(주),2020-05-15
백마마을 308동 앞,무인대여소,경기도 고양시 일산동구 경의로 312-1,경기도 고양시 일산동구 마두동 1113,37.657081,126.794118,00:00,00:00,연중 무휴,유료,1회/60분 1천원+1년 6만원+6개월 4만원+3개월 2만원,13,30,N,,N,031-903-8983,경기도 고양시 에코바이크(주),2020-05-15
하늘마을4단지 403동 앞,무인대여소,,경기도 고양시 일산동구 중산동 1805,37.675140,126.784974,00:00,00:00,연중 무휴,유료,1회/60분 1천원+1년 6만원+6개월 4만원+3개월 2만원,18,20,N,,N,031-903-8983,경기도 고양시 에코바이크(주),2020-05-15
고속종합터미널 출구,무인대여소,,경기도 고양시 일산동구 백석동 1237-1,37.643366,126.792052,00:00,00:00,연중 무휴,유료,1회/60분 1천원+1년 6만원+6개월 4만원+3개월 2만원,18,40,N,,N,031-903-8983,경기도 고양시 에코바이크(주),2020-05-15
마두역 7번 출구,무인대여소,,경기도 고양시 일산동구 마두동 765,37.652254,126.778378,00:00,00:00,연중 무휴,유료,1회/60분 1천원+1년 6만원+6개월 4만원+3개월 2만원,9,25,N,,N,031-903-8983,경기도 고양시 에코바이크(주),2020-05-15
정발중 맞은편,무인대여소,,경기도 고양시 일산동구 마두동 968,37.658735,126.781639,00:00,00:00,연중 무휴,유료,1회/60분 1천원+1년 6만원+6개월 4만원+3개월 2만원,16,20,N,,N,031-903-8983,경기도 고양시 에코바이크(주),2020-05-15
문원 2단지 문천사 앞,유인대여소,,경기도 과천시 문원동 106-2,37.4255253,127.0066602,09:00,18:00,토·일·국경일,무료,무료,30,20,Y,수동식,N,02-3677-2288,과천시청(교통과),2019-04-09
부림동 과천역 3번출구,유인대여소,,경기도 과천시 부림동 55,37.4325055,126.9986132,09:00,22:00,토·일·국경일,무료,무료,25,30,Y,수동식,N,02-3677-2288,과천시청(교통과),2019-04-09
중앙공원,유인대여소,,경기도 과천시 별양동 2-5,37.4306703,126.9949293,09:00,22:00,월·화·국경일,무료,무료,30,30,Y,수동식,N,02-3677-2288,과천시청(교통과),2019-04-09
뒷골 공영주차장,유인대여소,,경기도 과천시 과천동 367-4,37.453440,127.001328,09:00,18:00,토·일·국경일,무료,무료,20,20,Y,수동식,N,02-3677-2288,과천시청(교통과),2019-04-09
풍산역,무인대여소,,경기도 고양시 일산동구 정발산동 1355-1,37.670513,126.787081,00:00,00:00,연중 무휴,유료,1회/60분 1천원+1년 6만원+6개월 4만원+3개월 2만원,10,15,N,,N,031-903-8983,경기도 고양시 에코바이크(주),2020-05-15
코오롱 앞(정부과천청사역 4번출구),유인대여소,경기도 과천시 중앙로 지하 100,경기도 과천시 별양동 1,37.4273488,126.9914146,09:00,18:00,토·일·국경일,무료,무료,25,30,Y,수동식,N,02-3677-2288,과천시청(교통과),2019-04-09
대화역 6번 출구,무인대여소,,경기도 고양시 일산서구 대화동 2502,37.675122,126.749818,00:00,00:00,연중 무휴,유료,1회/60분 1천원+1년 6만원+6개월 4만원+3개월 2만원,10,20,N,,N,031-903-8983,경기도 고양시 에코바이크(주),2020-05-15
주엽역 2번 출구,무인대여소,,경기도 고양시 일산서구 주엽동 108,37.669687,126.760828,00:00,00:00,연중 무휴,유료,1회/60분 1천원+1년 6만원+6개월 4만원+3개월 2만원,9,30,N,,N,031-903-8983,경기도 고양시 에코바이크(주),2020-05-15
신원마을6단지 정문 앞,무인대여소,,경기도 고양시 덕양구 신원동 617-1,37.664445,126.888726,00:00,00:00,연중 무휴,유료,1회/60분 5백원+3개월 1만원,15,25,N,,N,031-903-8983,경기도 고양시 에코바이크(주),2020-05-15
정발산역 2번 출구 (롯데백화점),무인대여소,경기도 고양시 일산동구 중앙로 1271-1,경기도 고양시 일산동구 장항동 845,37.658487,126.770628,00:00,00:00,연중 무휴,유료,1회/60분 5백원+3개월 1만원,13,30,N,,N,031-903-8983,경기도 고양시 에코바이크(주),2020-05-15
어울림누리 맞은편,무인대여소,경기도 고양시 덕양구 어울림로 32,경기도 고양시 덕양구 화정동 857,37.6478475668,126.8343539751,00:00,00:00,연중 무휴,유료,1회/60분 5백원+3개월 1만원,21,20,Y,기계식,N,031-903-8983,경기도 고양시 에코바이크(주),2020-05-15
충현빌딩 앞,무인대여소,,경기도 고양시 덕양구 토당동 282-19,37.625664,126.817471,00:00,00:00,연중 무휴,유료,1회/60분 5백원+3개월 1만원,12,20,N,,N,031-903-8983,경기도 고양시 에코바이크(주),2020-05-15
하이파크2단지 205동앞 육교밑,무인대여소,,경기도 고양시 일산서구 덕이동 349-5,37.700493,126.752281,00:00,00:00,연중 무휴,유료,1회/60분 5백원+3개월 1만원,19,30,N,,N,031-903-8983,경기도 고양시 에코바이크(주),2020-05-15
롯데마트 고양점 옆,무인대여소,,경기도 고양시 덕양구 행신동 1032,37.625454,126.836164,00:00,00:00,연중 무휴,유료,1회/60분 5백원+3개월 1만원,12,25,N,,N,031-903-8983,경기도 고양시 에코바이크(주),2020-05-15
소만마을 806동 앞,무인대여소,,경기도 고양시 덕양구 행신동 407-4,37.617936,126.841228,00:00,00:00,연중 무휴,유료,1회/60분 5백원+3개월 1만원,12,20,Y,기계식,N,031-903-8983,경기도 고양시 에코바이크(주),2020-05-15
행신동 주민센터 옆,무인대여소,,경기도 고양시 덕양구 행신동 835,37.615463,126.831776,00:00,00:00,연중 무휴,유료,1회/60분 5백원+3개월 1만원,15,20,Y,기계식,N,031-903-8983,경기도 고양시 에코바이크(주),2020-05-15
동산마을21단지 후문,무인대여소,,경기도 고양시 덕양구 삼송동 162-2,37.645557,126.883548,00:00,00:00,연중 무휴,유료,1회/60분 5백원+3개월 1만원,15,25,N,,N,031-903-8983,경기도 고양시 에코바이크(주),2020-05-15
일산정보산업고교 앞,무인대여소,,경기도 고양시 일산서구 주엽동 42,37.672531,126.772597,00:00,00:00,연중 무휴,유료,1회/60분 1천원+1년 6만원+6개월 4만원+3개월 2만원,6,20,N,,N,031-903-8983,경기도 고양시 에코바이크(주),2020-05-15
성저초교 앞,무인대여소,,경기도 고양시 일산서구 대화동 2366,37.684499,126.756405,00:00,00:00,연중 무휴,유료,1회/60분 1천원+1년 6만원+6개월 4만원+3개월 2만원,13,20,N,,N,031-903-8983,경기도 고양시 에코바이크(주),2020-05-15
뉴코아아울렛 앞,무인대여소,,경기도 고양시 일산동구 마두동 1120,37.651773,126.778011,00:00,00:00,연중 무휴,유료,1회/60분 1천원+1년 6만원+6개월 4만원+3개월 2만원,9,20,Y,기계식,N,031-903-8983,경기도 고양시 에코바이크(주),2020-05-15
풍동 뜨란체2단지 사거리,무인대여소,,경기도 고양시 일산동구 풍동 1333-1,37.666863,126.800832,00:00,00:00,연중 무휴,유료,1회/60분 1천원+1년 6만원+6개월 4만원+3개월 2만원,12,25,N,,N,031-903-8983,경기도 고양시 에코바이크(주),2020-05-15
일산문화공원 홈플러스 앞,무인대여소,경기도 고양시 일산동구 중앙로 1271-1,경기도 고양시 일산동구 장항동 845,37.658487,126.770628,00:00,00:00,연중 무휴,유료,1회/60분 1천원+1년 6만원+6개월 4만원+3개월 2만원,11,30,N,,N,031-903-8983,경기도 고양시 에코바이크(주),2020-05-15
백송3단지 사거리,무인대여소,,경기도 고양시 일산동구 백석동 1366,37.648388,126.787636,00:00,00:00,연중 무휴,유료,1회/60분 1천원+1년 6만원+6개월 4만원+3개월 2만원,9,30,N,,N,031-903-8983,경기도 고양시 에코바이크(주),2020-05-15
백석고 옆,무인대여소,,경기도 고양시 일산동구 마두동 777,37.653459,126.787399,00:00,00:00,연중 무휴,유료,1회/60분 1천원+1년 6만원+6개월 4만원+3개월 2만원,8,30,N,,N,031-903-8983,경기도 고양시 에코바이크(주),2020-05-15
명가원 옆,무인대여소,,경기도 고양시 일산동구 정발산동 1130,37.674041,126.778845,00:00,00:00,연중 무휴,유료,1회/60분 1천원+1년 6만원+6개월 4만원+3개월 2만원,7,30,N,,N,031-903-8983,경기도 고양시 에코바이크(주),2020-05-15
고양체육관 부출입구(후문),무인대여소,경기도 고양시 일산서구 중앙로 1601,경기도 고양시 일산서구 대화동 2320,37.676422,126.743066,00:00,00:00,연중 무휴,유료,1회/60분 1천원+1년 6만원+6개월 4만원+3개월 2만원,8,20,N,,N,031-903-8983,경기도 고양시 에코바이크(주),2020-05-15
하늘공원,무인대여소,,경기도 고양시 일산동구 중산동 1800,37.6759045498,126.7874348202,00:00,00:00,연중 무휴,유료,1회/60분 5백원+3개월 1만원,18,40,N,,N,031-903-8983,경기도 고양시 에코바이크(주),2020-05-15
킨텍스 사거리,무인대여소,,경기도 고양시 일산동구 장항동 1760,37.664246,126.747984,00:00,00:00,연중 무휴,유료,1회/60분 5백원+3개월 1만원,20,40,N,,N,031-903-8984,경기도 고양시 에코바이크(주),2020-05-15
행신동 주민센터 앞,무인대여소,경기도 고양시 덕양구 중앙로558번길 78,경기도 고양시 덕양구 행신동 933,37.626329,126.8385975259,00:00,00:00,연중 무휴,유료,1회/60분 5백원+3개월 1만원,12,15,N,,N,031-903-8983,경기도 고양시 에코바이크(주),2020-05-15
하이파크5단지 502동앞 버스정류장,무인대여소,,경기도 고양시 일산서구 덕이동 374-14,37.697626,126.753176,00:00,00:00,연중 무휴,유료,1회/60분 5백원+3개월 1만원,6,20,N,,N,031-903-8983,경기도 고양시 에코바이크(주),2020-05-15
서정마을1단지 101동 앞,무인대여소,,경기도 고양시 덕양구 행신동 1117,37.620696,126.845275,00:00,00:00,연중 무휴,유료,1회/60분 5백원+3개월 1만원,12,20,Y,기계식,N,031-903-8983,경기도 고양시 에코바이크(주),2020-05-15
서정마을 312동 앞,무인대여소,,경기도 고양시 덕양구 행신동 1100,37.613675,126.849434,00:00,00:00,연중 무휴,유료,1회/60분 5백원+3개월 1만원,15,20,N,,N,031-903-8983,경기도 고양시 에코바이크(주),2020-05-15
원흥역8번 출구,무인대여소,경기도 고양시 덕양구 권율대로 681,경기도 고양시 덕양구 원흥동 151-5,37.6509195267,126.8733058764,00:00,00:00,연중 무휴,유료,1회/60분 5백원+3개월 1만원,14,35,N,,N,031-903-8983,경기도 고양시 에코바이크(주),2020-05-15
후곡성당 앞,무인대여소,경기도 고양시 일산서구 일산로 553,경기도 고양시 일산서구 일산동 1394,37.6780455289,126.7666023764,00:00,00:00,연중 무휴,유료,1회/60분 1천원+1년 6만원+6개월 4만원+3개월 2만원,9,30,Y,기계식,N,031-903-8983,경기도 고양시 에코바이크(주),2020-05-15
신일중학교 앞,무인대여소,경기도 고양시 일산서구 경의로 592-1,경기도 고양시 일산서구 일산동 1412,37.676833,126.775904,00:00,00:00,연중 무휴,유료,1회/60분 1천원+1년 6만원+6개월 4만원+3개월 2만원,12,30,Y,기계식,N,031-903-8983,경기도 고양시 에코바이크(주),2020-05-15
가좌고등학교 옆공원,무인대여소,,경기도 고양시 일산서구 가좌동 408-1,37.688555,126.719843,00:00,00:00,연중 무휴,유료,1회/60분 1천원+1년 6만원+6개월 4만원+3개월 2만원,9,30,N,,N,031-903-8983,경기도 고양시 에코바이크(주),2020-05-15
중산8단지 사거리,무인대여소,,경기도 고양시 일산동구 중산동 1581,37.687259,126.780547,00:00,00:00,연중 무휴,유료,1회/60분 1천원+1년 6만원+6개월 4만원+3개월 2만원,8,30,Y,기계식,N,031-903-8983,경기도 고양시 에코바이크(주),2020-05-15
중산동중앙공원 앞,무인대여소,경기도 고양시 일산동구 중산로 217,경기도 고양시 일산동구 중산동 1565번지,37.691503,126.779898,00:00,00:00,연중 무휴,유료,1회/60분 1천원+1년 6만원+6개월 4만원+3개월 2만원,5,30,N,,N,031-903-8983,경기도 고양시 에코바이크(주),2020-05-15
공공자전거대여소 부천시청역,유인대여소,경기도 부천시 길주로 지하 202,경기도 부천시 중동 1243,37.504938,126.763465,09:00,18:00,토요일+ 일요일+ 공휴일,무료,무료,30,,Y,기계식,N,032-625-9091,경기도 부천시청,2019-05-28
일산 요진와이시티 공원,무인대여소,,경기도 고양시 일산동구 백석동 1541-1,37.642226,126.789502,00:00,00:00,연중 무휴,유료,1회/60분 1천원+1년 6만원+6개월 4만원+3개월 2만원,9,40,N,,N,031-903-8983,경기도 고양시 에코바이크(주),2020-05-15
대야동 시민자전거 대여소,유인대여소,,경기도 군포시 둔대동 354-2,37.3247835,126.8905196,10:00,18:00,평일,유료,"1인용 3,000원 2인용 6,000원, 가족 4인용 12,000원, 가족6인용 14,000원",35,,Y,기계식,Y,031-396-4135,군포시새마을회,2019-05-28
공공자전거대여소 상동역,유인대여소,경기도 부천시 길주로 105,경기도 부천시 상동 535-5번지,37.506069,126.754122,09:00,18:00,토요일+ 일요일+ 공휴일,무료,무료,30,,Y,기계식,N,032-625-9091,경기도 부천시청,2019-05-28
흰돌마을 508동앞,무인대여소,경기도 고양시 일산동구 중앙로 1073,경기도 고양시 일산동구 백석동 1334,37.6447588366,126.7850942713,00:00,00:00,연중 무휴,유료,1회/60분 5백원+3개월 1만원,8,20,N,,N,031-903-8983,경기도 고양시 에코바이크(주),2020-05-15
백석역 6번 출구 (신선설농탕),무인대여소,,경기도 고양시 일산동구 백석동 1555,37.644231,126.788396,00:00,00:00,연중 무휴,유료,1회/60분 5백원+3개월 1만원,9,30,N,,N,031-903-8983,경기도 고양시 에코바이크(주),2020-05-15
정발산역 4번 출구 일산동구청 방면,무인대여소,경기도 고양시 일산동구 중앙로 1256,경기도 고양시 일산동구 마두동 815,37.6588817367,126.7749581348,00:00,00:00,연중 무휴,유료,1회/60분 5백원+3개월 1만원,13,30,N,,N,031-903-8983,경기도 고양시 에코바이크(주),2020-05-15
원시티 육교,무인대여소,,경기도 고양시 일산동구 장항동 1793,37.661051,126.750866,00:00,00:00,연중 무휴,유료,1회/60분 5백원+3개월 1만원,20,40,N,,N,031-903-8986,경기도 고양시 에코바이크(주),2020-05-15
세일빌딩 앞,무인대여소,,경기도 고양시 덕양구 화정동 1099,37.632864,126.830664,00:00,00:00,연중 무휴,유료,1회/60분 5백원+3개월 1만원,18,20,N,,N,031-903-8983,경기도 고양시 에코바이크(주),2020-05-15
꽃우물 공원 앞,무인대여소,,경기도 고양시 덕양구 화정동 1011,37.628549,126.824686,00:00,00:00,연중 무휴,유료,1회/60분 5백원+3개월 1만원,15,30,Y,기계식,N,031-903-8983,경기도 고양시 에코바이크(주),2020-05-15
가람중학교 앞 삼거리,무인대여소,,경기도 고양시 덕양구 행신동 1032,37.625504,126.836047,00:00,00:00,연중 무휴,유료,1회/60분 5백원+3개월 1만원,8,20,N,,N,031-903-8983,경기도 고양시 에코바이크(주),2020-05-15
하이파크1단지 105동앞 공원광장,무인대여소,,경기도 고양시 일산서구 덕이동 산 146,37.702866,126.755242,00:00,00:00,연중 무휴,유료,1회/60분 5백원+3개월 1만원,14,30,N,,N,031-903-8983,경기도 고양시 에코바이크(주),2020-05-15
고양시청 주차장,무인대여소,경기도 고양시 덕양구 고양시청로 10,경기도 고양시 덕양구 주교동 600번지,37.658414,126.8319596509,00:00,00:00,연중 무휴,유료,1회/60분 5백원+3개월 1만원,8,17,N,,N,031-903-8983,경기도 고양시 에코바이크(주),2020-05-15
무원마을10단지1006동 앞,무인대여소,,경기도 고양시 덕양구 행신동 820,37.618505,126.829011,00:00,00:00,연중 무휴,유료,1회/60분 5백원+3개월 1만원,9,20,Y,기계식,N,031-903-8983,경기도 고양시 에코바이크(주),2020-05-15
원흥역4번 출구,무인대여소,경기도 고양시 덕양구 권율대로 681,경기도 고양시 덕양구 원흥동 137-6,37.6509195267,126.8733058764,00:00,00:00,연중 무휴,유료,1회/60분 5백원+3개월 1만원,12,25,N,,N,031-903-8983,경기도 고양시 에코바이크(주),2020-05-15
탄현역 동쪽 출구,무인대여소,,경기도 고양시 일산서구 탄현동 293-2,37.693514,126.761304,00:00,00:00,연중 무휴,유료,1회/60분 1천원+1년 6만원+6개월 4만원+3개월 2만원,19,20,Y,기계식,N,031-903-8983,경기도 고양시 에코바이크(주),2020-05-15
공공자전거대여소 신중동역,유인대여소,경기도 부천시 길주로 314,경기도 부천시 중동 1242-1,37.503068,126.775751,09:00,18:00,토요일+ 일요일+ 공휴일,무료,무료,30,,Y,기계식,N,032-625-9091,경기도 부천시청,2019-05-28
공공자전거대여소 부천역,유인대여소,경기도 부천시 부천로 3-1,경기도 부천시 심곡동 173-1번지,37.484717,126.782677,09:00,18:00,토요일+ 일요일+ 공휴일,무료,무료,30,,Y,기계식,N,032-625-9091,경기도 부천시청,2019-05-28
공공자전거대여소 송내역,유인대여소,경기도 부천시 부일로 224-9,경기도 부천시 상동 463-1번지,37.488286,126.755075,09:00,18:00,토요일+ 일요일+ 공휴일,무료,무료,30,,Y,기계식,N,032-625-9091,경기도 부천시청,2019-05-28
탄현마을 606동 앞,무인대여소,,경기도 고양시 일산서구 탄현동 1551,37.695784,126.770958,00:00,00:00,연중 무휴,유료,1회/60분 1천원+1년 6만원+6개월 4만원+3개월 2만원,9,20,N,,N,031-903-8983,경기도 고양시 에코바이크(주),2020-05-15
공공자전거대여소 부천시청,유인대여소,경기도 부천시 길주로 210,경기도 부천시 중동 1156번지,37.503728,126.766102,09:00,18:00,토요일+ 일요일+ 공휴일,무료,무료,39,,Y,기계식,N,032-625-9091,경기도 부천시청,2019-05-28
마두동주민센터 옆,무인대여소,,경기도 고양시 일산동구 마두동 725,37.656956,126.791415,00:00,00:00,연중 무휴,유료,1회/60분 1천원+1년 6만원+6개월 4만원+3개월 2만원,9,20,Y,기계식,N,031-903-8983,경기도 고양시 에코바이크(주),2020-05-15
성원2차아파트 201동,무인대여소,,경기도 고양시 일산동구 풍동 1337,37.663803,126.798477,00:00,00:00,연중 무휴,유료,1회/60분 1천원+1년 6만원+6개월 4만원+3개월 2만원,14,20,N,,N,031-903-8983,경기도 고양시 에코바이크(주),2020-05-15
하늘마을1단지 101동 앞,무인대여소,,경기도 고양시 일산동구 중산동 1768,37.680546,126.781574,00:00,00:00,연중 무휴,유료,1회/60분 1천원+1년 6만원+6개월 4만원+3개월 2만원,12,20,N,,N,031-903-8983,경기도 고양시 에코바이크(주),2020-05-15
KT 덕양지사 앞,무인대여소,,경기도 고양시 덕양구 성사동 395-2,37.655355,126.838763,00:00,00:00,연중 무휴,유료,1회/60분 5백원+3개월 1만원,7,20,Y,기계식,N,031-903-8983,경기도 고양시 에코바이크(주),2020-05-15
냉천초교 맞은편,무인대여소,,경기도 고양시 일산동구 정발산동 1344,37.667124,126.785525,00:00,00:00,연중 무휴,유료,1회/60분 1천원+1년 6만원+6개월 4만원+3개월 2만원,9,30,N,,N,031-903-8983,경기도 고양시 에코바이크(주),2020-05-15
한수중학교 앞,무인대여소,,경기도 고양시 일산서구 주엽동 129,37.669088,126.755739,00:00,00:00,연중 무휴,유료,1회/60분 1천원+1년 6만원+6개월 4만원+3개월 2만원,10,25,N,,N,031-903-8983,경기도 고양시 에코바이크(주),2020-05-15
장촌공원,무인대여소,경기도 고양시 일산서구 중앙로 1525,경기도 고양시 일산서구 대화동 2241,37.6740215604,126.7515072999,00:00,00:00,연중 무휴,유료,1회/60분 1천원+1년 6만원+6개월 4만원+3개월 2만원,10,20,N,,N,031-903-8983,경기도 고양시 에코바이크(주),2020-05-15
신탄리 자전거 대여소,유인대여소,경기도 연천군 신서면 고대산길 4,경기도 연천군 신서면 대광리 169-2,38.2128435474,127.1395465518,10:00,17:30,"월, 화",유료,"시간당 3,000원/하루 대여 10,000원",34,34,Y,기계식,N,000-0000-0000,신탄리 자전거 대여소,2018-09-21
장성공원,무인대여소,경기도 고양시 일산서구 강성로214번길 41-10,경기도 고양시 일산서구 대화동 2166번지,37.676769,126.753883,00:00,00:00,연중 무휴,유료,1회/60분 1천원+1년 6만원+6개월 4만원+3개월 2만원,8,20,N,,N,031-903-8983,경기도 고양시 에코바이크(주),2020-05-15
강선초교 옆,무인대여소,,경기도 고양시 일산서구 주엽동 53,37.671765,126.764799,00:00,00:00,연중 무휴,유료,1회/60분 1천원+1년 6만원+6개월 4만원+3개월 2만원,7,30,Y,기계식,N,031-903-8983,경기도 고양시 에코바이크(주),2020-05-15
문촌4단지 사거리,무인대여소,,경기도 고양시 일산서구 주엽동 144,37.676684,126.761791,00:00,00:00,연중 무휴,유료,1회/60분 1천원+1년 6만원+6개월 4만원+3개월 2만원,9,30,Y,기계식,N,031-903-8983,경기도 고양시 에코바이크(주),2020-05-15
신원마을2단지 사거리,무인대여소,,경기도 고양시 덕양구 신원동 612-1,37.665269,126.891398,00:00,00:00,연중 무휴,유료,1회/60분 5백원+3개월 1만원,6,30,N,,N,031-903-8983,경기도 고양시 에코바이크(주),2020-05-15
마두동 사거리,무인대여소,,경기도 고양시 일산동구 마두동 740,37.659217,126.788255,00:00,00:00,연중 무휴,유료,1회/60분 5백원+3개월 1만원,20,25,N,,N,031-903-8983,경기도 고양시 에코바이크(주),2020-05-15
일산에듀포레 푸르지오,무인대여소,,경기도 고양시 일산서구 탄현동 1653,37.702324,126.767451,00:00,00:00,연중 무휴,유료,1회/60분 5백원+3개월 1만원,20,40,N,,N,031-903-8987,경기도 고양시 에코바이크(주),2020-05-15
고양시 공원관리사업소,무인대여소,,경기도 고양시 일산동구 마두동 1121,37.6648965869,126.7768078051,00:00,00:00,연중 무휴,유료,1회/60분 1천원+1년 6만원+6개월 4만원+3개월 2만원,6,20,N,,N,031-903-8983,경기도 고양시 에코바이크(주),2020-05-15
세이브존 앞,무인대여소,,경기도 고양시 덕양구 화정동 1099,37.632913,126.830678,00:00,00:00,연중 무휴,유료,1회/60분 5백원+3개월 1만원,11,25,N,,N,031-903-8983,경기도 고양시 에코바이크(주),2020-05-15
문화초교 옆,무인대여소,,경기도 고양시 일산서구 주엽동 146,37.675456,126.767363,00:00,00:00,연중 무휴,유료,1회/60분 5백원+3개월 1만원,7,25,N,,N,031-903-8983,경기도 고양시 에코바이크(주),2020-05-15
행신역 앞,무인대여소,,경기도 고양시 덕양구 행신동 810,37.612595,126.839991,00:00,00:00,연중 무휴,유료,1회/60분 5백원+3개월 1만원,12,30,Y,기계식,N,031-903-8983,경기도 고양시 에코바이크(주),2020-05-15
삼송마을19단지 후문 사거리,무인대여소,,경기도 고양시 덕양구 삼송동 329,37.650319,126.882893,00:00,00:00,연중 무휴,유료,1회/60분 5백원+3개월 1만원,7,25,N,,N,031-903-8983,경기도 고양시 에코바이크(주),2020-05-15
SBS일산제작센터 맞은편,무인대여소,,경기도 고양시 일산서구 탄현동 1526,37.694905,126.764744,00:00,00:00,연중 무휴,유료,1회/60분 1천원+1년 6만원+6개월 4만원+3개월 2만원,11,30,N,,N,031-903-8983,경기도 고양시 에코바이크(주),2020-05-15
숲속마을로 사거리,무인대여소,,경기도 고양시 일산동구 풍동 1253,37.672973,126.800918,00:00,00:00,연중 무휴,유료,1회/60분 1천원+1년 6만원+6개월 4만원+3개월 2만원,13,20,N,,N,031-903-8983,경기도 고양시 에코바이크(주),2020-05-15
어울림마을 701동 앞,무인대여소,,경기도 고양시 덕양구 성사동 348-2,37.654775,126.834924,00:00,00:00,연중 무휴,유료,1회/60분 1천원+1년 6만원+6개월 4만원+3개월 2만원,13,20,Y,기계식,N,031-903-8983,경기도 고양시 에코바이크(주),2020-05-15
강촌마을 515동 앞,무인대여소,,경기도 고양시 일산동구 마두동 773,37.651415,126.782369,00:00,00:00,연중 무휴,유료,1회/60분 1천원+1년 6만원+6개월 4만원+3개월 2만원,12,20,N,,N,031-903-8983,경기도 고양시 에코바이크(주),2020-05-15
문촌 롯데마트 옆,무인대여소,,경기도 고양시 일산서구 주엽동 166,37.669806,126.762091,00:00,00:00,연중 무휴,유료,1회/60분 1천원+1년 6만원+6개월 4만원+3개월 2만원,12,20,Y,기계식,N,031-903-8983,경기도 고양시 에코바이크(주),2020-05-15
백석역 3번 출구 앞,무인대여소,,경기도 고양시 일산동구 백석동 1517,37.641305,126.785899,00:00,00:00,연중 무휴,유료,1회/60분 5백원+3개월 1만원,8,20,N,,N,031-903-8983,경기도 고양시 에코바이크(주),2020-05-15
남정씨티프라자 옆,무인대여소,,경기도 고양시 일산동구 장항동 1461,37.663891,126.766881,00:00,00:00,연중 무휴,유료,1회/60분 5백원+3개월 1만원,12,20,N,,N,031-903-8983,경기도 고양시 에코바이크(주),2020-05-15
삼송 신세계 스타필드 후문,무인대여소,경기도 고양시 덕양구 고양대로 1955,경기도 고양시 덕양구 동산동 370,37.6469763081,126.8947784061,00:00,00:00,연중 무휴,유료,1회/60분 5백원+3개월 1만원,18,40,N,,N,031-903-8983,경기도 고양시 에코바이크(주),2020-05-15
원시티 정문,무인대여소,,경기도 고양시 일산동구 장항동 1811,37.661135,126.748363,00:00,00:00,연중 무휴,유료,1회/60분 5백원+3개월 1만원,20,40,N,,N,031-903-8985,경기도 고양시 에코바이크(주),2020-05-15
세인연립B동 앞,무인대여소,,경기도 고양시 덕양구 토당동 101-9,37.627799,126.823264,00:00,00:00,연중 무휴,유료,1회/60분 5백원+3개월 1만원,7,20,N,,N,031-903-8983,경기도 고양시 에코바이크(주),2020-05-15
강선마을19단지 1903동,무인대여소,,경기도 고양시 일산서구 주엽동 170,37.664826,126.760947,00:00,00:00,연중 무휴,유료,1회/60분 5백원+3개월 1만원,9,30,N,,N,031-903-8983,경기도 고양시 에코바이크(주),2020-05-15
고양시 여성창업지원센터 옆,무인대여소,,경기도 고양시 일산서구 덕이동 374-5,37.697838,126.752743,00:00,00:00,연중 무휴,유료,1회/60분 5백원+3개월 1만원,6,20,N,,N,031-903-8983,경기도 고양시 에코바이크(주),2020-05-15
예수인교회 앞,무인대여소,,경기도 고양시 덕양구 행신동 1017,37.618625,126.836684,00:00,00:00,연중 무휴,유료,1회/60분 5백원+3개월 1만원,6,30,N,,N,031-903-8983,경기도 고양시 에코바이크(주),2020-05-15
삼송마을18단지 후문,무인대여소,,경기도 고양시 덕양구 원흥동 334,37.637115,126.868817,00:00,00:00,연중 무휴,유료,1회/60분 5백원+3개월 1만원,19,25,N,,N,031-903-8983,경기도 고양시 에코바이크(주),2020-05-15
탄현주민센터 앞,무인대여소,,경기도 고양시 일산서구 탄현동 1532,37.694358,126.768611,00:00,00:00,연중 무휴,유료,1회/60분 1천원+1년 6만원+6개월 4만원+3개월 2만원,6,20,Y,기계식,N,031-903-8983,경기도 고양시 에코바이크(주),2020-05-15
국립암센터 맞은편,무인대여소,,경기도 고양시 일산동구 마두동 856,37.664014,126.784754,00:00,00:00,연중 무휴,유료,1회/60분 1천원+1년 6만원+6개월 4만원+3개월 2만원,4,20,Y,기계식,N,031-903-8983,경기도 고양시 에코바이크(주),2020-05-15
안곡중학교 옆,무인대여소,,경기도 고양시 일산동구 중산동 1775,37.680046,126.784538,00:00,00:00,연중 무휴,유료,1회/60분 1천원+1년 6만원+6개월 4만원+3개월 2만원,15,25,N,,N,031-903-8983,경기도 고양시 에코바이크(주),2020-05-15
고양 교통정보센터 앞,무인대여소,,경기도 고양시 덕양구 행신동 1015,37.621766,126.833465,00:00,00:00,연중 무휴,유료,1회/60분 1천원+1년 6만원+6개월 4만원+3개월 2만원,14,15,Y,기계식,N,031-903-8983,경기도 고양시 에코바이크(주),2020-05-15
대림e-편한세상106동,무인대여소,,경기도 고양시 덕양구 성사동 717,37.660442,126.840528,00:00,00:00,연중 무휴,유료,1회/60분 1천원+1년 6만원+6개월 4만원+3개월 2만원,13,20,Y,기계식,N,031-903-8983,경기도 고양시 에코바이크(주),2020-05-15
백석동주민센터,무인대여소,,경기도 고양시 일산동구 백석동 1398,37.649773,126.792532,00:00,00:00,연중 무휴,유료,1회/60분 1천원+1년 6만원+6개월 4만원+3개월 2만원,14,30,N,,N,031-903-8983,경기도 고양시 에코바이크(주),2020-05-15
양지마을 405동 앞,무인대여소,,경기도 고양시 일산동구 정발산동 695,37.668053,126.770217,00:00,00:00,연중 무휴,유료,1회/60분 1천원+1년 6만원+6개월 4만원+3개월 2만원,9,20,N,,N,031-903-8983,경기도 고양시 에코바이크(주),2020-05-15
저동고교 사거리,무인대여소,,경기도 고양시 일산동구 정발산동 1295,37.670591,126.780936,00:00,00:00,연중 무휴,유료,1회/60분 1천원+1년 6만원+6개월 4만원+3개월 2만원,10,20,N,,N,031-903-8983,경기도 고양시 에코바이크(주),2020-05-15
대화역 1번 출구,무인대여소,,경기도 고양시 일산서구 대화동 2502,37.675122,126.749818,00:00,00:00,연중 무휴,유료,1회/60분 1천원+1년 6만원+6개월 4만원+3개월 2만원,11,30,Y,기계식,N,031-903-8983,경기도 고양시 에코바이크(주),2020-05-15
일산센트럴아이파크,무인대여소,,경기도 고양시 일산동구 중산동 1705,37.678241,126.782444,00:00,00:00,연중 무휴,유료,1회/60분 5백원+3개월 1만원,20,40,N,,N,031-903-8983,경기도 고양시 에코바이크(주),2020-05-15
달빛마을3단지 상가 앞,무인대여소,,경기도 고양시 덕양구 화정동 1045,37.642443,126.833733,00:00,00:00,연중 무휴,유료,1회/60분 5백원+3개월 1만원,11,20,N,,N,031-903-8983,경기도 고양시 에코바이크(주),2020-05-15
화정역 3번 출구,무인대여소,,경기도 고양시 덕양구 화정동 963,37.6349508467,126.8330457424,00:00,00:00,연중 무휴,유료,1회/60분 5백원+3개월 1만원,15,25,N,,N,031-903-8983,경기도 고양시 에코바이크(주),2020-05-15
능곡역,무인대여소,,경기도 고양시 덕양구 토당동 445-5,37.620594,126.819750,00:00,00:00,연중 무휴,유료,1회/60분 5백원+3개월 1만원,11,20,N,,N,031-903-8983,경기도 고양시 에코바이크(주),2020-05-15
후곡마을1단지 101동 앞,무인대여소,,경기도 고양시 일산서구 일산동 1408,37.681577,126.769142,00:00,00:00,연중 무휴,유료,1회/60분 1천원+1년 6만원+6개월 4만원+3개월 2만원,7,20,N,,N,031-903-8983,경기도 고양시 에코바이크(주),2020-05-15
세인아파트 A동 앞,무인대여소,,경기도 고양시 일산서구 일산동 587-4,37.688137,126.774134,00:00,00:00,연중 무휴,유료,1회/60분 1천원+1년 6만원+6개월 4만원+3개월 2만원,9,20,N,,N,031-903-8983,경기도 고양시 에코바이크(주),2020-05-15
현산초교 사거리,무인대여소,,경기도 고양시 일산서구 탄현동 1623,37.693468,126.773647,00:00,00:00,연중 무휴,유료,1회/60분 1천원+1년 6만원+6개월 4만원+3개월 2만원,9,20,N,,N,031-903-8983,경기도 고양시 에코바이크(주),2020-05-15
풍동 휴먼시아3단지 301동 앞,무인대여소,경기도 고양시 일산동구 숲속마을로 36-1,경기도 고양시 일산동구 풍동 1321,37.669949,126.794115,00:00,00:00,연중 무휴,유료,1회/60분 1천원+1년 6만원+6개월 4만원+3개월 2만원,14,25,N,,N,031-903-8983,경기도 고양시 에코바이크(주),2020-05-15
중산2단지 사거리,무인대여소,,경기도 고양시 일산서구 일산동 1606,37.696415,126.778558,00:00,00:00,연중 무휴,유료,1회/60분 1천원+1년 6만원+6개월 4만원+3개월 2만원,11,20,N,,N,031-903-8983,경기도 고양시 에코바이크(주),2020-05-15
햇빛마을 2312동 앞,무인대여소,,경기도 고양시 덕양구 행신동 957,37.622701,126.837325,00:00,00:00,연중 무휴,유료,1회/60분 1천원+1년 6만원+6개월 4만원+3개월 2만원,10,20,N,,N,031-903-8983,경기도 고양시 에코바이크(주),2020-05-15
가좌2단지 후문,무인대여소,,경기도 고양시 일산서구 가좌동 1089,37.6884422498,126.7169751009,00:00,00:00,연중 무휴,유료,1회/60분 1천원+1년 6만원+6개월 4만원+3개월 2만원,15,20,N,,N,031-903-8983,경기도 고양시 에코바이크(주),2020-05-15
궁골공원,무인대여소,,경기도 고양시 일산서구 주엽동 55,37.669842,126.768673,00:00,00:00,연중 무휴,유료,1회/60분 1천원+1년 6만원+6개월 4만원+3개월 2만원,9,20,N,,N,031-903-8983,경기도 고양시 에코바이크(주),2020-05-15
신원마을10단지 한우물천,무인대여소,,경기도 고양시 덕양구 신원동 663,37.661449,126.887565,00:00,00:00,연중 무휴,유료,1회/60분 5백원+3개월 1만원,12,20,N,,N,031-903-8983,경기도 고양시 에코바이크(주),2020-05-15
고양우편집중국청사,무인대여소,경기도 고양시 일산동구 호수로 366,경기도 고양시 일산동구 백석동 1327,37.639481,126.7851321922,00:00,00:00,연중 무휴,유료,1회/60분 5백원+3개월 1만원,14,30,N,,N,031-903-8983,경기도 고양시 에코바이크(주),2020-05-15
백신초교 옆,무인대여소,,경기도 고양시 일산동구 백석동 1357,37.644178,126.782632,00:00,00:00,연중 무휴,유료,1회/60분 5백원+3개월 1만원,12,30,N,,N,031-903-8983,경기도 고양시 에코바이크(주),2020-05-15
호수초교 옆,무인대여소,,경기도 고양시 일산동구 백석동 1359,37.645415,126.777826,00:00,00:00,연중 무휴,유료,1회/60분 5백원+3개월 1만원,8,30,N,,N,031-903-8983,경기도 고양시 에코바이크(주),2020-05-15
덕양구청,무인대여소,경기도 고양시 덕양구 화중로104번길 13,경기도 고양시 덕양구 화정동 955,37.6374653264,126.8322923526,00:00,00:00,연중 무휴,유료,1회/60분 5백원+3개월 1만원,18,30,Y,기계식,N,031-903-8983,경기도 고양시 에코바이크(주),2020-05-15
롯데마트 화정지점 맞은편,무인대여소,,경기도 고양시 덕양구 화정동 1015,37.632869,126.828579,00:00,00:00,연중 무휴,유료,1회/60분 5백원+3개월 1만원,15,30,Y,기계식,N,031-903-8983,경기도 고양시 에코바이크(주),2020-05-15
화정역 4번 출구,무인대여소,,경기도 고양시 덕양구 화정동 963,37.6349508467,126.8330457424,00:00,00:00,연중 무휴,유료,1회/60분 5백원+3개월 1만원,7,20,Y,기계식,N,031-903-8983,경기도 고양시 에코바이크(주),2020-05-15
지도초등학교 앞,무인대여소,,경기도 고양시 덕양구 화정동 1144,37.627947,126.832699,00:00,00:00,연중 무휴,유료,1회/60분 5백원+3개월 1만원,12,30,Y,기계식,N,031-903-8983,경기도 고양시 에코바이크(주),2020-05-15
용현초등학교 앞,무인대여소,,경기도 고양시 덕양구 행신동 858,37.615482,126.838171,00:00,00:00,연중 무휴,유료,1회/60분 5백원+3개월 1만원,15,20,Y,기계식,N,031-903-8983,경기도 고양시 에코바이크(주),2020-05-15
학생종합복지센터,무인대여소,,경기도 고양시 덕양구 원흥동 682,37.650958,126.867857,00:00,00:00,연중 무휴,유료,1회/60분 5백원+3개월 1만원,8,25,N,,N,031-903-8983,경기도 고양시 에코바이크(주),2020-05-15
주엽역 6번출구 앞,무인대여소,,경기도 고양시 일산서구 주엽동 78,37.6711710099,126.7620627599,00:00,00:00,연중 무휴,유료,1회/60분 1천원+1년 6만원+6개월 4만원+3개월 2만원,23,30,N,,N,031-903-8983,경기도 고양시 에코바이크(주),2020-05-15
능곡고등학교 앞,무인대여소,,경기도 고양시 덕양구 토당동 394-15,37.623595,126.824602,00:00,00:00,연중 무휴,유료,1회/60분 5백원+3개월 1만원,10,30,Y,기계식,N,031-903-8983,경기도 고양시 에코바이크(주),2020-05-15
킨텍스,무인대여소,경기도 고양시 일산서구 킨텍스로 217-60,경기도 고양시 일산서구 대화동 2306,37.6689350974,126.7458025950,00:00,00:00,연중 무휴,유료,1회/60분 1천원+1년 6만원+6개월 4만원+3개월 2만원,13,20,N,,N,031-903-8983,경기도 고양시 에코바이크(주),2020-05-15
마두역 교보생명 옆,무인대여소,,경기도 고양시 일산동구 장항동 894,37.651756,126.777141,00:00,00:00,연중 무휴,유료,1회/60분 5백원+3개월 1만원,10,20,N,,N,031-903-8983,경기도 고양시 에코바이크(주),2020-05-15
고양백석체육센터,무인대여소,경기도 고양시 일산동구 경의로 84,경기도 고양시 일산동구 백석동 1235-1번지,37.641119,126.7951298071,00:00,00:00,연중 무휴,유료,1회/60분 1천원+1년 6만원+6개월 4만원+3개월 2만원,18,20,N,,N,031-903-8983,경기도 고양시 에코바이크(주),2020-05-15
강촌공원 육교 앞,무인대여소,경기도 고양시 일산동구 강석로 132-1,경기도 고양시 일산동구 마두동 791,37.6533323978,126.7810761142,00:00,00:00,연중 무휴,유료,1회/60분 1천원+1년 6만원+6개월 4만원+3개월 2만원,6,30,N,,N,031-903-8983,경기도 고양시 에코바이크(주),2020-05-15
은빛마을5단지 미도파상가,무인대여소,,경기도 고양시 덕양구 화정동 1045,37.642483,126.833555,00:00,00:00,연중 무휴,유료,1회/60분 5백원+3개월 1만원,7,25,Y,기계식,N,031-903-8983,경기도 고양시 에코바이크(주),2020-05-15
이케아 고양점,무인대여소,경기도 고양시 덕양구 권율대로 420,경기도 고양시 덕양구 도내동 1003번지,37.629587,126.863124,00:00,00:00,연중 무휴,유료,1회/60분 5백원+3개월 1만원,18,40,N,,N,031-903-8983,경기도 고양시 에코바이크(주),2020-05-15
양수역 자전거대여소,유인대여소,경기도 양평군 양서면 목왕로 55-10,경기도 양평군 양서면 용담리 225-2,37.545801,127.328411,09:00,18:00,연중무휴,유료,1시간 3천원+2시간 5천원,150,0,Y,기계식,Y,031-771-6198,경기도 양평군,2017-01-01
아라뱃길자전거대여소,유인대여소,,경기도 김포시 고촌읍 전호리 661,37.5991301,126.787253,10:00,18:00,연중무휴,유료,"1시간 3,000원 초과 10분당 500원",50,,N,,N,031-999-7857,㈜워터웨이플러스,2019-09-11
탄현역 서쪽 현충공원앞,무인대여소,,경기도 고양시 일산서구 덕이동 365-7,37.693809,126.759453,00:00,00:00,연중 무휴,유료,1회/60분 5백원+3개월 1만원,5,30,N,,N,031-903-8983,경기도 고양시 에코바이크(주),2020-05-15
삼송 신세계스타필드 앞,무인대여소,경기도 고양시 덕양구 고양대로 1955,경기도 고양시 덕양구 동산동 370,37.6469763081,126.8947784061,00:00,00:00,연중 무휴,유료,1회/60분 5백원+3개월 1만원,18,40,N,,N,031-903-8983,경기도 고양시 에코바이크(주),2020-05-15
에이스 스파랜드 맞은편,무인대여소,,경기도 고양시 일산동구 중산동 1593,37.685369,126.777939,00:00,00:00,연중 무휴,유료,1회/60분 1천원+1년 6만원+6개월 4만원+3개월 2만원,8,20,N,,N,031-903-8983,경기도 고양시 에코바이크(주),2020-05-15
장항 제1공영주차장,무인대여소,경기도 고양시 일산동구 무궁화로 32-19,경기도 고양시 일산동구 장항동 777,37.6620339555,126.7687424086,00:00,00:00,연중 무휴,유료,1회/60분 1천원+1년 6만원+6개월 4만원+3개월 2만원,13,30,N,,N,031-903-8983,경기도 고양시 에코바이크(주),2020-05-15
백마역,무인대여소,,경기도 고양시 일산동구 마두동 748,37.658716,126.793622,00:00,00:00,연중 무휴,유료,1회/60분 1천원+1년 6만원+6개월 4만원+3개월 2만원,9,25,N,,N,031-903-8983,경기도 고양시 에코바이크(주),2020-05-15
웨스턴돔 입구,무인대여소,,경기도 고양시 일산동구 장항동 860,37.657267,126.771359,00:00,00:00,연중 무휴,유료,1회/60분 1천원+1년 6만원+6개월 4만원+3개월 2만원,17,30,N,,N,031-903-8983,경기도 고양시 에코바이크(주),2020-05-15
곡산역 삼거리,무인대여소,,경기도 고양시 일산동구 백석동 1144,37.644482,126.799874,00:00,00:00,연중 무휴,유료,1회/60분 1천원+1년 6만원+6개월 4만원+3개월 2만원,12,30,N,,N,031-903-8983,경기도 고양시 에코바이크(주),2020-05-15
문화공원,무인대여소,경기도 고양시 일산서구 일산로 551,경기도 고양시 일산서구 일산동 1379,37.6778762808,126.7666709219,00:00,00:00,연중 무휴,유료,1회/60분 5백원+3개월 1만원,3,30,Y,기계식,N,031-903-8983,경기도 고양시 에코바이크(주),2020-05-15
호수공원 제3주차장 (MBC맞은편),무인대여소,경기도 고양시 일산동구 호수로 595,경기도 고양시 일산동구 장항동 906번지,37.653846,126.768781,00:00,00:00,연중 무휴,유료,1회/60분 1천원+1년 6만원+6개월 4만원+3개월 2만원,8,30,N,,N,031-903-8983,경기도 고양시 에코바이크(주),2020-05-15
저동중학교 옆,무인대여소,,경기도 고양시 일산동구 정발산동 1191,37.670647,126.777104,00:00,00:00,연중 무휴,유료,1회/60분 1천원+1년 6만원+6개월 4만원+3개월 2만원,8,20,N,,N,031-903-8983,경기도 고양시 에코바이크(주),2020-05-15
다농마트사거리,무인대여소,,경기도 안산시 상록구 성포동 593-35,37.327857,126.844142,00:01,24:00,연중무휴,유료,년회원(12개월) 3만원 + 반기회원(6개월) 2만원 + 월회원(30일) 4천원 + 일회원(1일) 천원,20,20,N,,N,1544-6339,안산도시공사,2017-02-24
상록구노인복지회관,무인대여소,,경기도 안산시 상록구 성포동 679-2,37.318098,126.845054,00:01,24:00,연중무휴,유료,년회원(12개월) 3만원 + 반기회원(6개월) 2만원 + 월회원(30일) 4천원 + 일회원(1일) 천원,25,25,N,,N,1544-6339,안산도시공사,2017-02-24
시외버스터미널(터미널사거리),무인대여소,,경기도 안산시 상록구 이동 614-26,37.316512,126.845511,00:01,24:00,연중무휴,유료,년회원(12개월) 3만원 + 반기회원(6개월) 2만원 + 월회원(30일) 4천원 + 일회원(1일) 천원,30,30,N,,N,1544-6339,안산도시공사,2017-02-24
한양대사거리,무인대여소,,경기도 안산시 상록구 일동 81-1 ,37.300144,126.838118,00:01,24:00,연중무휴,유료,년회원(12개월) 3만원 + 반기회원(6개월) 2만원 + 월회원(30일) 4천원 + 일회원(1일) 천원,40,40,N,,N,1544-6339,안산도시공사,2017-02-24
송호중학교,무인대여소,,경기도 안산시 단원구 고잔동 765-4,37.311746,126.838609,00:01,24:00,연중무휴,유료,년회원(12개월) 3만원 + 반기회원(6개월) 2만원 + 월회원(30일) 4천원 + 일회원(1일) 천원,30,30,N,,N,1544-6339,안산도시공사,2017-02-24
고잔역(고대병원),무인대여소,경기도 안산시 단원구 중앙대로 784,경기도 안산시 단원구 고잔동 289-48,37.317083,126.824164,00:01,24:00,연중무휴,유료,년회원(12개월) 3만원 + 반기회원(6개월) 2만원 + 월회원(30일) 4천원 + 일회원(1일) 천원,20,20,N,,N,1544-6339,안산도시공사,2017-02-24
초지역,무인대여소,경기도 안산시 단원구 중앙대로 620,경기도 안산시 단원구 초지동 25-1,37.321026,126.805698,00:01,24:00,연중무휴,유료,년회원(12개월) 3만원 + 반기회원(6개월) 2만원 + 월회원(30일) 4천원 + 일회원(1일) 천원,20,20,N,,N,1544-6339,안산도시공사,2017-02-24
산업단지공단 경기지역본부,무인대여소,경기도 안산시 단원구 동산로 57,경기도 안산시 단원구 원시동 773-2,37.313646,126.796794,00:01,24:00,연중무휴,유료,년회원(12개월) 3만원 + 반기회원(6개월) 2만원 + 월회원(30일) 4천원 + 일회원(1일) 천원,20,20,N,,N,1544-6339,안산도시공사,2017-02-24
서울예술대학,무인대여소,,경기도 안산시 단원구 고잔동 641,37.331127,126.839046,00:01,24:00,연중무휴,유료,년회원(12개월) 3만원 + 반기회원(6개월) 2만원 + 월회원(30일) 4천원 + 일회원(1일) 천원,20,20,N,,N,1544-6339,안산도시공사,2017-02-24
석수골운동장,무인대여소,,경기도 안산시 단원구 선부동 1147,37.341242,126.805471,00:01,24:00,연중무휴,유료,년회원(12개월) 3만원 + 반기회원(6개월) 2만원 + 월회원(30일) 4천원 + 일회원(1일) 천원,20,20,N,,N,1544-6339,안산도시공사,2017-02-24
선부동 벽산블루밍,무인대여소,경기도 안산시 단원구 선부광장북로 36,경기도 안산시 단원구 선부동 1082,37.337208,126.810449,00:01,24:00,연중무휴,유료,년회원(12개월) 3만원 + 반기회원(6개월) 2만원 + 월회원(30일) 4천원 + 일회원(1일) 천원,20,20,N,,N,1544-6339,안산도시공사,2017-02-24
이동 주민센터,무인대여소,경기도 안산시 상록구 이동로 46,경기도 안산시 상록구 이동 578-12,37.305161,126.860984,00:01,24:00,연중무휴,유료,년회원(12개월) 3만원 + 반기회원(6개월) 2만원 + 월회원(30일) 4천원 + 일회원(1일) 천원,20,20,N,,N,1544-6339,안산도시공사,2017-02-24
와동 주민센터,무인대여소,경기도 안산시 단원구 선부로 273,경기도 안산시 단원구 와동 280-1,37.341349,126.825544,00:01,24:00,연중무휴,유료,년회원(12개월) 3만원 + 반기회원(6개월) 2만원 + 월회원(30일) 4천원 + 일회원(1일) 천원,20,20,N,,N,1544-6339,안산도시공사,2017-02-24
와동 면허시험장,무인대여소,,경기도 안산시 단원구 와동 93,37.344044,126.829691,00:01,24:00,연중무휴,유료,년회원(12개월) 3만원 + 반기회원(6개월) 2만원 + 월회원(30일) 4천원 + 일회원(1일) 천원,20,20,N,,N,1544-6339,안산도시공사,2017-02-24
중앙역(신도시),무인대여소,,경기도 안산시 단원구 고잔동 723,37.315373,126.838946,00:01,24:00,연중무휴,유료,년회원(12개월) 3만원 + 반기회원(6개월) 2만원 + 월회원(30일) 4천원 + 일회원(1일) 천원,30,30,N,,N,1544-6339,안산도시공사,2017-02-24
중앙역(2번출구),무인대여소,경기도 안산시 단원구 중앙대로 918,경기도 안산시 단원구 고잔동 167-378,37.315905,126.839216,00:01,24:00,연중무휴,유료,년회원(12개월) 3만원 + 반기회원(6개월) 2만원 + 월회원(30일) 4천원 + 일회원(1일) 천원,35,35,Y,기계식,N,1544-6339,안산도시공사,2017-02-24
양지중학교,무인대여소,,경기도 안산시 단원구 고잔동 849,37.304168,126.832681,00:01,24:00,연중무휴,유료,년회원(12개월) 3만원 + 반기회원(6개월) 2만원 + 월회원(30일) 4천원 + 일회원(1일) 천원,25,25,N,,N,1544-6339,안산도시공사,2017-02-24
안산문화광장,무인대여소,경기도 안산시 단원구 광덕대로 157,경기도 안산시 단원구 고잔동 800,37.310214,126.829578,00:01,24:00,연중무휴,유료,년회원(12개월) 3만원 + 반기회원(6개월) 2만원 + 월회원(30일) 4천원 + 일회원(1일) 천원,30,30,N,,N,1544-6339,안산도시공사,2017-02-24
안산시 환경교통국,무인대여소,,경기도 안산시 단원구 고잔동 554,37.317796,126.830069,00:01,24:00,연중무휴,유료,년회원(12개월) 3만원 + 반기회원(6개월) 2만원 + 월회원(30일) 4천원 + 일회원(1일) 천원,25,25,Y,기계식,N,1544-6339,안산도시공사,2017-02-24
안산시청,무인대여소,경기도 안산시 단원구 화랑로 387,경기도 안산시 단원구 고잔동 515,37.321375,126.831059,00:01,24:00,연중무휴,유료,년회원(12개월) 3만원 + 반기회원(6개월) 2만원 + 월회원(30일) 4천원 + 일회원(1일) 천원,20,20,Y,기계식,N,1544-6339,안산도시공사,2017-02-24
올림픽 기념관,무인대여소,경기도 안산시 단원구 적금로 202,경기도 안산시 단원구 고잔동 604,37.326567,126.827042,00:01,24:00,연중무휴,유료,년회원(12개월) 3만원 + 반기회원(6개월) 2만원 + 월회원(30일) 4천원 + 일회원(1일) 천원,20,20,N,,N,1544-6339,안산도시공사,2017-02-24
중앙도서관,무인대여소,,경기도 안산시 단원구 고잔동 721-1,37.304561,126.820812,00:01,24:00,연중무휴,유료,년회원(12개월) 3만원 + 반기회원(6개월) 2만원 + 월회원(30일) 4천원 + 일회원(1일) 천원,45,45,N,,N,1544-6339,안산도시공사,2017-02-24
둔배미공원,무인대여소,경기도 안산시 단원구 광덕2로 55,경기도 안산시 단원구 초지동 723-1,37.313017,126.815616,00:01,24:00,연중무휴,유료,년회원(12개월) 3만원 + 반기회원(6개월) 2만원 + 월회원(30일) 4천원 + 일회원(1일) 천원,30,30,N,,N,1544-6339,안산도시공사,2017-02-24
와스타디움(롯데마트),무인대여소,경기도 안산시 단원구 화랑로 260,경기도 안산시 단원구 초지동 666-1,37.321375,126.818793,00:01,24:00,연중무휴,유료,년회원(12개월) 3만원 + 반기회원(6개월) 2만원 + 월회원(30일) 4천원 + 일회원(1일) 천원,30,30,N,,N,1544-6339,안산도시공사,2017-02-24
단원구청,무인대여소,,경기도 안산시 단원구 초지동 602-2,37.319065,126.811644,00:01,24:00,연중무휴,유료,년회원(12개월) 3만원 + 반기회원(6개월) 2만원 + 월회원(30일) 4천원 + 일회원(1일) 천원,20,20,N,,N,1544-6339,안산도시공사,2017-02-24
단원구노인복지회관,무인대여소,경기도 안산시 단원구 선부광장1로 134,경기도 안산시 단원구 선부동 1077-9,37.332121,126.810929,00:01,24:00,연중무휴,유료,년회원(12개월) 3만원 + 반기회원(6개월) 2만원 + 월회원(30일) 4천원 + 일회원(1일) 천원,30,30,N,,N,1544-6339,안산도시공사,2017-02-24
선부1동 주민센터,무인대여소,경기도 안산시 단원구 선부광장서로 47,경기도 안산시 단원구 선부동 964-4,37.334274,126.804406,00:01,24:00,연중무휴,유료,년회원(12개월) 3만원 + 반기회원(6개월) 2만원 + 월회원(30일) 4천원 + 일회원(1일) 천원,20,20,N,,N,1544-6339,안산도시공사,2017-02-24
관산중학교,무인대여소,,경기도 안산시 단원구 원곡동 982,37.334964,126.798077,00:01,24:00,연중무휴,유료,년회원(12개월) 3만원 + 반기회원(6개월) 2만원 + 월회원(30일) 4천원 + 일회원(1일) 천원,15,15,N,,N,1544-6339,안산도시공사,2017-02-24
상록구청,무인대여소,경기도 안산시 상록구 차돌배기로1길 15,경기도 안산시 상록구 사동 1584,37.301539,126.846521,00:01,24:00,연중무휴,유료,년회원(12개월) 3만원 + 반기회원(6개월) 2만원 + 월회원(30일) 4천원 + 일회원(1일) 천원,30,30,Y,기계식,N,1544-6339,안산도시공사,2017-02-24
수암동거주자우선주차장,무인대여소,,경기도 안산시 상록구 수암동 470,37.363851,126.877552,00:01,24:00,연중무휴,유료,년회원(12개월) 3만원 + 반기회원(6개월) 2만원 + 월회원(30일) 4천원 + 일회원(1일) 천원,16,16,N,,N,1544-6339,안산도시공사,2017-02-24
중앙역맞은편,무인대여소,경기도 안산시 단원구 중앙대로 929,경기도 안산시 단원구 고잔동 541-3,37.316679,126.839904,00:01,24:00,연중무휴,유료,년회원(12개월) 3만원 + 반기회원(6개월) 2만원 + 월회원(30일) 4천원 + 일회원(1일) 천원,37,37,N,,N,1544-6339,안산도시공사,2017-02-24
고잔역(신도시),무인대여소,,경기도 안산시 단원구 고잔동 679-1,37.315961,126.823901,00:01,24:00,연중무휴,유료,년회원(12개월) 3만원 + 반기회원(6개월) 2만원 + 월회원(30일) 4천원 + 일회원(1일) 천원,30,30,Y,기계식,N,1544-6339,안산도시공사,2017-02-24
월피동주민센터,무인대여소,경기도 안산시 상록구 시낭북로 4,경기도 안산시 상록구 부곡동 738,37.333213,126.856408,00:01,24:00,연중무휴,유료,년회원(12개월) 3만원 + 반기회원(6개월) 2만원 + 월회원(30일) 4천원 + 일회원(1일) 천원,20,20,N,,N,1544-6339,안산도시공사,2017-02-24
초지동 이마트,무인대여소,경기도 안산시 단원구 신안산대학로 135,경기도 안산시 단원구 초지동 671,37.302841,126.814043,00:01,24:00,연중무휴,유료,년회원(12개월) 3만원 + 반기회원(6개월) 2만원 + 월회원(30일) 4천원 + 일회원(1일) 천원,20,20,N,,N,1544-6339,안산도시공사,2017-02-24
시민자전거대여소(연무대),유인대여소,,경기도 수원시 팔달구 매향동 3-13,37.28745617,127.0236232,09:00,18:00,연중무휴,유료,1일 1천원,10,,Y,수동식,N,031-228-3437,경기도 수원시청,2018-08-01
광교산공영자전거대여소(반딧불이쉼터),유인대여소,경기도 수원시 장안구 광교산로 166,경기도 수원시 장안구 하광교동 산57-2,37.31769395,127.0281679,09:00,18:00,연중무휴,유료,1일 1천원,30,,Y,수동식,N,031-228-3438,경기도 수원시청,2018-08-01
광교산공영자전거대여소(광교교하부),유인대여소,,경기도 수원시 장안구 하광교동 203-5,37.31258473,127.021226,09:00,18:00,연중무휴,유료,1일 1천원,20,,Y,수동식,N,031-228-3439,경기도 수원시청,2018-08-01
광교산공영자전거대여소(버스종점),유인대여소,,경기도 수원시 장안구 상광교동 42-1,37.33452371,127.0173956,09:00,18:00,연중무휴,유료,1일 1천원,30,,Y,수동식,N,031-228-3440,경기도 수원시청,2018-08-01
시민자전거대여소(화성행궁),유인대여소,,경기도 수원시 팔달구 팔달로1가 138-5,37.26992068,126.9990575,09:00,18:00,연중무휴,유료,1일 1천원,70,,Y,수동식,N,031-228-3434,경기도 수원시청,2018-08-01
시민자전거대여소(화서문),유인대여소,,경기도 수원시 팔달구 장안동 334,37.28549386,127.009671,09:00,18:00,연중무휴,유료,1일 1천원,10,,Y,수동식,N,031-228-3435,경기도 수원시청,2018-08-01
오산천 자전거대여소,유인대여소,경기도 오산시 경기동로 15,경기도 오산시 오산동 49번지,37.157349,127.072413,09:00,18:00,매주 월요일,무료,무료,100,0,Y,기계식,N,031-8036-7704,경기도 오산시청,2020-09-22
맑음터공원 자전거대여소,유인대여소,경기도 오산시 오산천로 52,경기도 오산시 오산동 750-1번지,37.138192,127.064528,09:00,18:00,매주 월요일,무료,무료,164,0,Y,기계식,N,031-8036-7704,경기도 오산시청,2020-09-22
중앙주유소사거리,무인대여소,,경기도 안산시 단원구 와동 855,37.332918,126.823262,00:01,24:00,연중무휴,유료,년회원(12개월) 3만원 + 반기회원(6개월) 2만원 + 월회원(30일) 4천원 + 일회원(1일) 천원,20,20,N,,N,1544-6339,안산도시공사,2017-02-24
시민자전거대여소(장안문),유인대여소,경기도 수원시 팔달구 정조로 910,경기도 수원시 팔달구 장안동 329,37.28876959,127.0141101,09:00,18:00,연중무휴,유료,1일 1천원,10,,Y,수동식,N,031-228-3436,경기도 수원시청,2018-08-01
안산역,무인대여소,경기도 안산시 단원구 중앙대로 462,경기도 안산시 단원구 원곡동 377-6,37.327665,126.788997,00:01,24:00,연중무휴,유료,년회원(12개월) 3만원 + 반기회원(6개월) 2만원 + 월회원(30일) 4천원 + 일회원(1일) 천원,45,45,Y,기계식,N,1544-6339,안산도시공사,2017-02-24
원시역(두산동아),무인대여소,,경기도 안산시 단원구 원시동 803,37.300831,126.786228,00:01,24:00,연중무휴,유료,년회원(12개월) 3만원 + 반기회원(6개월) 2만원 + 월회원(30일) 4천원 + 일회원(1일) 천원,20,20,N,,N,1544-6339,안산도시공사,2017-02-24
기업은행 반월지점,무인대여소,,경기도 안산시 단원구 목내동 467,37.304641,126.771261,00:01,24:00,연중무휴,유료,년회원(12개월) 3만원 + 반기회원(6개월) 2만원 + 월회원(30일) 4천원 + 일회원(1일) 천원,15,15,N,,N,1544-6339,안산도시공사,2017-02-24
비츠로테크 맞은편,무인대여소,,경기도 안산시 단원구 성곡동 619,37.307258,126.762222,00:01,24:00,연중무휴,유료,년회원(12개월) 3만원 + 반기회원(6개월) 2만원 + 월회원(30일) 4천원 + 일회원(1일) 천원,20,20,N,,N,1544-6339,안산도시공사,2017-02-24
대부바다향기 테마파크,무인대여소,,경기도 안산시 단원구 대부북동 1841-10,37.286418,126.575373,00:01,24:00,연중무휴,유료,년회원(12개월) 3만원 + 반기회원(6개월) 2만원 + 월회원(30일) 4천원 + 일회원(1일) 천원,40,40,N,,N,1544-6339,안산도시공사,2017-02-24
대부도관광안내소,무인대여소,경기도 안산시 단원구 대부황금로 1531,경기도 안산시 단원구 대부북동 1985,37.289665,126.577971,00:01,24:00,연중무휴,유료,년회원(12개월) 3만원 + 반기회원(6개월) 2만원 + 월회원(30일) 4천원 + 일회원(1일) 천원,20,20,N,,N,1544-6339,안산도시공사,2017-02-24
다문화 지원센터,무인대여소,경기도 안산시 단원구 화정로 26,경기도 안산시 단원구 초지동 667-2,37.331597,126.815352,00:01,24:00,연중무휴,유료,년회원(12개월) 3만원 + 반기회원(6개월) 2만원 + 월회원(30일) 4천원 + 일회원(1일) 천원,20,20,N,,N,1544-6339,안산도시공사,2017-02-24
와동체육공원,무인대여소,경기도 안산시 단원구 와동공원로 109,경기도 안산시 단원구 와동 813-1,37.341187,126.821281,00:01,24:00,연중무휴,유료,년회원(12개월) 3만원 + 반기회원(6개월) 2만원 + 월회원(30일) 4천원 + 일회원(1일) 천원,20,20,N,,N,1544-6339,안산도시공사,2017-02-24
선부동 롯데마트,무인대여소,경기도 안산시 단원구 선부로 166,경기도 안산시 단원구 선부동 1085,37.341592,126.815057,00:01,24:00,연중무휴,유료,년회원(12개월) 3만원 + 반기회원(6개월) 2만원 + 월회원(30일) 4천원 + 일회원(1일) 천원,23,23,N,,N,1544-6339,안산도시공사,2017-02-24
월피동 광덕시장,무인대여소,,경기도 안산시 상록구 월피동 535,37.335679,126.844701,00:01,24:00,연중무휴,유료,년회원(12개월) 3만원 + 반기회원(6개월) 2만원 + 월회원(30일) 4천원 + 일회원(1일) 천원,20,20,N,,N,1544-6339,안산도시공사,2017-02-24
사3동주민센터,무인대여소,경기도 안산시 상록구 해양로 8,경기도 안산시 상록구 사동 1511-1,37.294851,126.820341,00:01,24:00,연중무휴,유료,년회원(12개월) 3만원 + 반기회원(6개월) 2만원 + 월회원(30일) 4천원 + 일회원(1일) 천원,40,40,N,,N,1544-6339,안산도시공사,2017-02-24
본오2차아파트,무인대여소,,경기도 안산시 상록구 사동 1507,37.281745,126.852077,00:01,24:00,연중무휴,유료,년회원(12개월) 3만원 + 반기회원(6개월) 2만원 + 월회원(30일) 4천원 + 일회원(1일) 천원,20,20,N,,N,1544-6339,안산도시공사,2017-02-24
원곡본동 주민센터,무인대여소,경기도 안산시 단원구 부부로 43,경기도 안산시 단원구 원곡동 991-1,37.332171,126.790331,00:01,24:00,연중무휴,유료,년회원(12개월) 3만원 + 반기회원(6개월) 2만원 + 월회원(30일) 4천원 + 일회원(1일) 천원,20,20,N,,N,1544-6339,안산도시공사,2017-02-24
당곡 운동장,무인대여소,,경기도 안산시 단원구 고잔동 677-1,37.324386,126.834846,00:01,24:00,연중무휴,유료,년회원(12개월) 3만원 + 반기회원(6개월) 2만원 + 월회원(30일) 4천원 + 일회원(1일) 천원,20,20,N,,N,1544-6339,안산도시공사,2017-02-24
신길고 사거리,무인대여소,,경기도 안산시 단원구 신길동 1564,37.335003,126.789077,00:01,24:00,연중무휴,유료,년회원(12개월) 3만원 + 반기회원(6개월) 2만원 + 월회원(30일) 4천원 + 일회원(1일) 천원,20,20,N,,N,1544-6339,안산도시공사,2017-02-24
원곡2동 베스트 플라자,무인대여소,경기도 안산시 단원구 원초로 34,경기도 안산시 단원구 원곡동 846-1,37.328293,126.802413,00:01,24:00,연중무휴,유료,년회원(12개월) 3만원 + 반기회원(6개월) 2만원 + 월회원(30일) 4천원 + 일회원(1일) 천원,16,16,N,,N,1544-6339,안산도시공사,2017-02-24
신 안산대학교,무인대여소,경기도 안산시 단원구 신안산대학로 135,경기도 안산시 단원구 초지동 671,37.311813,126.810427,00:01,24:00,연중무휴,유료,년회원(12개월) 3만원 + 반기회원(6개월) 2만원 + 월회원(30일) 4천원 + 일회원(1일) 천원,27,27,N,,N,1544-6339,안산도시공사,2017-02-24
호수공원 APT,무인대여소,,경기도 안산시 단원구 고잔동 719,37.307845,126.827011,00:01,24:00,연중무휴,유료,년회원(12개월) 3만원 + 반기회원(6개월) 2만원 + 월회원(30일) 4천원 + 일회원(1일) 천원,20,20,N,,N,1544-6339,안산도시공사,2017-02-24
본오1동 주민센터,무인대여소,경기도 안산시 상록구 샘골로 16 ,경기도 안산시 상록구 본오1동 990,37.285283,126.864121,00:01,24:00,연중무휴,유료,년회원(12개월) 3만원 + 반기회원(6개월) 2만원 + 월회원(30일) 4천원 + 일회원(1일) 천원,16,16,Y,기계식,N,1544-6339,안산도시공사,2017-02-24
사동 GS주유소,무인대여소,,경기도 안산시 상록구 사동 1423-9,37.284606,126.847442,00:01,24:00,연중무휴,유료,년회원(12개월) 3만원 + 반기회원(6개월) 2만원 + 월회원(30일) 4천원 + 일회원(1일) 천원,20,20,N,,N,1544-6339,안산도시공사,2017-02-24
안산 식물원,무인대여소,경기도 안산시 상록구 성호로 113 ,경기도 안산시 상록구 이동 615,37.313515,126.861427,00:01,24:00,연중무휴,유료,년회원(12개월) 3만원 + 반기회원(6개월) 2만원 + 월회원(30일) 4천원 + 일회원(1일) 천원,20,20,N,,N,1544-6339,안산도시공사,2017-02-24
그린빌 10단지,무인대여소,,경기도 안산시 상록구 이동 636-5,37.311741,126.842887,00:01,24:00,연중무휴,유료,년회원(12개월) 3만원 + 반기회원(6개월) 2만원 + 월회원(30일) 4천원 + 일회원(1일) 천원,20,20,N,,N,1544-6339,안산도시공사,2017-02-24
한양대 기숙사,무인대여소,경기도 안산시 상록구 한양대학로 55,경기도 안산시 상록구 사3동 1271,37.291777,126.836823,00:01,24:00,연중무휴,유료,년회원(12개월) 3만원 + 반기회원(6개월) 2만원 + 월회원(30일) 4천원 + 일회원(1일) 천원,32,32,N,,N,1544-6339,안산도시공사,2017-02-24
월피동 한양 APT,무인대여소,경기도 안산시 상록구 안산천동로1길 9,경기도 안산시 상록구 월피동 447,37.331032,126.848507,00:01,24:00,연중무휴,유료,년회원(12개월) 3만원 + 반기회원(6개월) 2만원 + 월회원(30일) 4천원 + 일회원(1일) 천원,20,20,N,,N,1544-6339,안산도시공사,2017-02-24
강서고,무인대여소,경기도 안산시 단원구 화정로1길 20,경기도 안산시 단원구 와동 830,37.333739,126.819544,00:01,24:00,연중무휴,유료,년회원(12개월) 3만원 + 반기회원(6개월) 2만원 + 월회원(30일) 4천원 + 일회원(1일) 천원,20,20,N,,N,1544-6339,안산도시공사,2017-02-24
성포동 경일초교 사거리,무인대여소,경기도 안산시 상록구 화랑로 527,경기도 안산시 상록구 성포동 584,37.323072,126.845902,00:01,24:00,연중무휴,유료,년회원(12개월) 3만원 + 반기회원(6개월) 2만원 + 월회원(30일) 4천원 + 일회원(1일) 천원,20,20,N,,N,1544-6339,안산도시공사,2017-02-24
25시 문화광장(CGV 앞),무인대여소,경기도 안산시 단원구 광덕대로 157,경기도 안산시 단원구 고잔동 800,37.312952,126.830281,00:01,24:00,연중무휴,유료,년회원(12개월) 3만원 + 반기회원(6개월) 2만원 + 월회원(30일) 4천원 + 일회원(1일) 천원,20,20,Y,수동식,N,1544-6339,안산도시공사,2017-02-24
광덕고,무인대여소,경기도 안산시 상록구 순환로 532,경기도 안산시 상록구 월피동 236-37,37.340466,126.846313,00:01,24:00,연중무휴,유료,년회원(12개월) 3만원 + 반기회원(6개월) 2만원 + 월회원(30일) 4천원 + 일회원(1일) 천원,20,20,N,,N,1544-6339,안산도시공사,2017-02-24
U-정보센터,무인대여소,,경기도 안산시 상록구 사동 1583-3,37.298342,126.844471,00:01,24:00,연중무휴,유료,년회원(12개월) 3만원 + 반기회원(6개월) 2만원 + 월회원(30일) 4천원 + 일회원(1일) 천원,20,20,N,,N,1544-6339,안산도시공사,2017-02-24
수변공원,무인대여소,,경기도 안산시 상록구 사동 1639-3,37.279818,126.834254,00:01,24:00,연중무휴,유료,년회원(12개월) 3만원 + 반기회원(6개월) 2만원 + 월회원(30일) 4천원 + 일회원(1일) 천원,20,20,N,,N,1544-6339,안산도시공사,2017-02-24
준공업단지사거리,무인대여소,,경기도 안산시 상록구 사동 1467-3,37.281865,126.846529,00:01,24:00,연중무휴,유료,년회원(12개월) 3만원 + 반기회원(6개월) 2만원 + 월회원(30일) 4천원 + 일회원(1일) 천원,20,20,N,,N,1544-6339,안산도시공사,2017-02-24
사2동주민센터,무인대여소,경기도 안산시 상록구 감골2로 11,경기도 안산시 상록구 사동 1344,37.289631,126.851844,00:01,24:00,연중무휴,유료,년회원(12개월) 3만원 + 반기회원(6개월) 2만원 + 월회원(30일) 4천원 + 일회원(1일) 천원,25,25,N,,N,1544-6339,안산도시공사,2017-02-24
반월공원,무인대여소,경기도 안산시 상록구 오목로 104,경기도 안산시 상록구 본오동 723,37.288875,126.870103,00:01,24:00,연중무휴,유료,년회원(12개월) 3만원 + 반기회원(6개월) 2만원 + 월회원(30일) 4천원 + 일회원(1일) 천원,20,20,N,,N,1544-6339,안산도시공사,2017-02-24
본오동한양아파트,무인대여소,,경기도 안산시 상록구 본오동 881-24,37.293666,126.861782,00:01,24:00,연중무휴,유료,년회원(12개월) 3만원 + 반기회원(6개월) 2만원 + 월회원(30일) 4천원 + 일회원(1일) 천원,20,20,N,,N,1544-6339,안산도시공사,2017-02-24
건건천복개주차장,무인대여소,,경기도 안산시 상록구 건건동 927-15,37.304003,126.901632,00:01,24:00,연중무휴,유료,년회원(12개월) 3만원 + 반기회원(6개월) 2만원 + 월회원(30일) 4천원 + 일회원(1일) 천원,16,16,N,,N,1544-6339,안산도시공사,2017-02-24
반월역,무인대여소,경기도 안산시 상록구 건건로 119-10 ,경기도 안산시 상록구 건건동 산62-2,37.311771,126.904021,00:01,24:00,연중무휴,유료,년회원(12개월) 3만원 + 반기회원(6개월) 2만원 + 월회원(30일) 4천원 + 일회원(1일) 천원,16,16,N,,N,1544-6339,안산도시공사,2017-02-24
수암보도육교,무인대여소,,경기도 안산시 상록구 장상동 6-27,37.362489,126.875458,00:01,24:00,연중무휴,유료,년회원(12개월) 3만원 + 반기회원(6개월) 2만원 + 월회원(30일) 4천원 + 일회원(1일) 천원,20,20,N,,N,1544-6339,안산도시공사,2017-02-24
부곡종합시장,무인대여소,,경기도 안산시 상록구 부곡동 706,37.326612,126.857732,00:01,24:00,연중무휴,유료,년회원(12개월) 3만원 + 반기회원(6개월) 2만원 + 월회원(30일) 4천원 + 일회원(1일) 천원,20,20,N,,N,1544-6339,안산도시공사,2017-02-24
성포중학교,무인대여소,,경기도 안산시 상록구 월피동 536-15,37.334742,126.851586,00:01,24:00,연중무휴,유료,년회원(12개월) 3만원 + 반기회원(6개월) 2만원 + 월회원(30일) 4천원 + 일회원(1일) 천원,20,20,N,,N,1544-6339,안산도시공사,2017-02-24
관산도서관,무인대여소,,경기도 안산시 단원구 원곡동 산 78-1,37.332081,126.799729,00:01,24:00,연중무휴,유료,년회원(12개월) 3만원 + 반기회원(6개월) 2만원 + 월회원(30일) 4천원 + 일회원(1일) 천원,18,18,N,,N,1544-6339,안산도시공사,2017-02-24
신길초등학교,무인대여소,,경기도 안산시 단원구 신길동 1508,37.335249,126.781433,00:01,24:00,연중무휴,유료,년회원(12개월) 3만원 + 반기회원(6개월) 2만원 + 월회원(30일) 4천원 + 일회원(1일) 천원,20,20,N,,N,1544-6339,안산도시공사,2017-02-24
선부고등학교,무인대여소,,경기도 안산시 단원구 원곡동 993,37.339963,126.792382,00:01,24:00,연중무휴,유료,년회원(12개월) 3만원 + 반기회원(6개월) 2만원 + 월회원(30일) 4천원 + 일회원(1일) 천원,20,20,N,,N,1544-6339,안산도시공사,2017-02-24
군자주공13단지,무인대여소,,경기도 안산시 단원구 선부동 1158-20,37.334041,126.813997,00:01,24:00,연중무휴,유료,년회원(12개월) 3만원 + 반기회원(6개월) 2만원 + 월회원(30일) 4천원 + 일회원(1일) 천원,20,20,N,,N,1544-6339,안산도시공사,2017-02-24
사세충열문사거리,무인대여소,,경기도 안산시 단원구 와동 718,37.333995,126.828667,00:01,24:00,연중무휴,유료,년회원(12개월) 3만원 + 반기회원(6개월) 2만원 + 월회원(30일) 4천원 + 일회원(1일) 천원,17,17,N,,N,1544-6339,안산도시공사,2017-02-24
검찰청정문,무인대여소,,경기도 안산시 단원구 고잔동 805,37.310915,126.826935,00:01,24:00,연중무휴,유료,년회원(12개월) 3만원 + 반기회원(6개월) 2만원 + 월회원(30일) 4천원 + 일회원(1일) 천원,20,20,N,,N,1544-6339,안산도시공사,2017-02-24
고잔1동주민센터,무인대여소,,경기도 안산시 단원구 고잔동 산 79-4,37.327031,126.820458,00:01,24:00,연중무휴,유료,년회원(12개월) 3만원 + 반기회원(6개월) 2만원 + 월회원(30일) 4천원 + 일회원(1일) 천원,17,17,N,,N,1544-6339,안산도시공사,2017-02-24
시화호조력발전소,무인대여소,경기도 안산시 단원구 대부황금로 1901,경기도 안산시 단원구 대부동동 2098-1,37.311466,126.609847,00:01,24:00,연중무휴,유료,년회원(12개월) 3만원 + 반기회원(6개월) 2만원 + 월회원(30일) 4천원 + 일회원(1일) 천원,20,20,N,,N,1544-6339,안산도시공사,2017-02-24
안산디자인문화고등학교,무인대여소,,경기도 안산시 상록구 본오동 828,37.296748,126.872636,00:01,24:00,연중무휴,유료,년회원(12개월) 3만원 + 반기회원(6개월) 2만원 + 월회원(30일) 4천원 + 일회원(1일) 천원,30,30,N,,N,1544-6339,안산도시공사,2017-02-24
본오중학교,무인대여소,경기도 안산시 상록구 본오로 90,경기도 안산시 상록구 본오동 861,37.293328,126.866869,00:01,24:00,연중무휴,유료,년회원(12개월) 3만원 + 반기회원(6개월) 2만원 + 월회원(30일) 4천원 + 일회원(1일) 천원,30,30,N,,N,1544-6339,안산도시공사,2017-02-24
상록수역(1번출구),무인대여소,,경기도 안산시 상록구 본오동 874-7,37.302251,126.866371,00:01,24:00,연중무휴,유료,년회원(12개월) 3만원 + 반기회원(6개월) 2만원 + 월회원(30일) 4천원 + 일회원(1일) 천원,35,35,N,,N,1544-6339,안산도시공사,2017-02-24
상록수역(2번출구),무인대여소,,경기도 안산시 상록구 본오3동 876-4,37.303328,126.866494,00:01,24:00,연중무휴,유료,년회원(12개월) 3만원 + 반기회원(6개월) 2만원 + 월회원(30일) 4천원 + 일회원(1일) 천원,25,25,Y,기계식,N,1544-6339,안산도시공사,2017-02-24
일동주민센터,무인대여소,,경기도 안산시 상록구 일동 706,37.310013,126.866737,00:01,24:00,연중무휴,유료,년회원(12개월) 3만원 + 반기회원(6개월) 2만원 + 월회원(30일) 4천원 + 일회원(1일) 천원,20,20,N,,N,1544-6339,안산도시공사,2017-02-24
부곡도서관,무인대여소,경기도 안산시 상록구 성호로 333,경기도 안산시 상록구 부곡동 709-2,37.332779,126.861212,00:01,24:00,연중무휴,유료,년회원(12개월) 3만원 + 반기회원(6개월) 2만원 + 월회원(30일) 4천원 + 일회원(1일) 천원,15,15,N,,N,1544-6339,안산도시공사,2017-02-24
한양대앞역(환승주차장),무인대여소,경기도 안산시 상록구 송호1길 9,경기도 안산시 상록구 이동 662-3,37.308755,126.853582,00:01,24:00,연중무휴,유료,년회원(12개월) 3만원 + 반기회원(6개월) 2만원 + 월회원(30일) 4천원 + 일회원(1일) 천원,30,30,Y,기계식,N,1544-6339,안산도시공사,2017-02-24
은하수공원,무인대여소,,경기도 안산시 상록구 사동 1253-6,37.303041,126.854022,00:01,24:00,연중무휴,유료,년회원(12개월) 3만원 + 반기회원(6개월) 2만원 + 월회원(30일) 4천원 + 일회원(1일) 천원,20,20,N,,N,1544-6339,안산도시공사,2017-02-24
감골시민홀,무인대여소,경기도 안산시 상록구 석호로 226,경기도 안산시 상록구 사동 1342,37.293611,126.855158,00:01,24:00,연중무휴,유료,년회원(12개월) 3만원 + 반기회원(6개월) 2만원 + 월회원(30일) 4천원 + 일회원(1일) 천원,20,20,N,,N,1544-6339,안산도시공사,2017-02-24
성안중학교,무인대여소,,경기도 안산시 상록구 사동 1538-2,37.303494,126.847541,00:01,24:00,연중무휴,유료,년회원(12개월) 3만원 + 반기회원(6개월) 2만원 + 월회원(30일) 4천원 + 일회원(1일) 천원,20,20,N,,N,1544-6339,안산도시공사,2017-02-24
송호고등학교,무인대여소,,경기도 안산시 상록구 이동 740,37.310232,126.847336,00:01,24:00,연중무휴,유료,년회원(12개월) 3만원 + 반기회원(6개월) 2만원 + 월회원(30일) 4천원 + 일회원(1일) 천원,25,25,N,,N,1544-6339,안산도시공사,2017-02-24
단원미술관,무인대여소,,경기도 안산시 상록구 성포동 586-1,37.316476,126.849319,00:01,24:00,연중무휴,유료,년회원(12개월) 3만원 + 반기회원(6개월) 2만원 + 월회원(30일) 4천원 + 일회원(1일) 천원,15,15,N,,N,1544-6339,안산도시공사,2017-02-24
노적봉사거리,무인대여소,,경기도 안산시 상록구 성포동 679-15,37.327546,126.849735,00:01,24:00,연중무휴,유료,년회원(12개월) 3만원 + 반기회원(6개월) 2만원 + 월회원(30일) 4천원 + 일회원(1일) 천원,25,25,N,,N,1544-6339,안산도시공사,2017-02-24

